﻿{"inkVersion":20,"root":[["^The room prompts you with a password.","\n",["ev",{"^->":"0.2.$r1"},{"temp=":"$r"},"str",{"->":".^.s"},[{"#n":"$r1"}],"/str","/ev",{"*":"0.c-0","flg":18},{"s":["^00100...",{"->":"$r","var":true},null]}],["ev",{"^->":"0.3.$r1"},{"temp=":"$r"},"str",{"->":".^.s"},[{"#n":"$r1"}],"/str","/ev",{"*":"0.c-1","flg":18},{"s":["^exodus...",{"->":"$r","var":true},null]}],{"c-0":["ev",{"^->":"0.c-0.$r2"},"/ev",{"temp=":"$r"},{"->":"0.2.s"},[{"#n":"$r2"}],{"->":"B3_5_1"},"\n",{"->":"0.g-0"},{"#f":5}],"c-1":["ev",{"^->":"0.c-1.$r2"},"/ev",{"temp=":"$r"},{"->":"0.3.s"},[{"#n":"$r2"}],{"->":"B3_5_2"},"\n",{"->":"0.g-0"},{"#f":5}],"g-0":["done",{"#f":5}]}],"done",{"B3_5_1":[["^Correct. You gain entry to the door. Why would someone have given you the passcode to everything?","\n",["ev",{"^->":"B3_5_1.0.2.$r1"},{"temp=":"$r"},"str",{"->":".^.s"},[{"#n":"$r1"}],"/str","/ev",{"*":".^.^.c-0","flg":18},{"s":["^keep going...",{"->":"$r","var":true},null]}],{"c-0":["ev",{"^->":"B3_5_1.0.c-0.$r2"},"/ev",{"temp=":"$r"},{"->":".^.^.2.s"},[{"#n":"$r2"}],{"->":"B4"},"\n",{"#f":5}]}],{"#f":1}],"B3_5_2":[["^Wrong. Go back to get right answer","\n",["ev",{"^->":"B3_5_2.0.2.$r1"},{"temp=":"$r"},"str",{"->":".^.s"},[{"#n":"$r1"}],"/str","/ev",{"*":".^.^.c-0","flg":18},{"s":["^try again...",{"->":"$r","var":true},null]}],{"c-0":["ev",{"^->":"B3_5_2.0.c-0.$r2"},"/ev",{"temp=":"$r"},{"->":".^.^.2.s"},[{"#n":"$r2"}],{"->":"B3"},"\n",{"#f":5}]}],{"#f":1}],"B3":["end",{"#f":1}],"B4":["end",{"#f":1}],"#f":1}],"listDefs":{}}