﻿{"inkVersion":20,"root":[["^Inside is a vacume sealed room. In it are a number of core relegious texts, many of which appear to be genuine. At the center is a digital hologram of some sort.","\n",["ev",{"^->":"0.2.$r1"},{"temp=":"$r"},"str",{"->":".^.s"},[{"#n":"$r1"}],"/str","/ev",{"*":"0.c-0","flg":18},{"s":["^you decide to play it...",{"->":"$r","var":true},null]}],{"c-0":["ev",{"^->":"0.c-0.$r2"},"/ev",{"temp=":"$r"},{"->":"0.2.s"},[{"#n":"$r2"}],{"->":"B5"},"\n",{"->":"0.g-0"},{"#f":5}],"g-0":["done",{"#f":5}]}],"done",{"B5":[["^Digital hologram is marked as some sort of 'first contact'. It's glitchy and hard to hear what is being said, but it appears as if some techno voice is claiming to be god. The hologram depicts how a number of Exodus executives began planning how to make further contact.","\n",["ev",{"^->":"B5.0.2.$r1"},{"temp=":"$r"},"str",{"->":".^.s"},[{"#n":"$r1"}],"/str","/ev",{"*":"B5.0.c-0","flg":18},{"s":["^spooked and run out of room...",{"->":"$r","var":true},null]}],{"c-0":["ev",{"^->":"B5.0.c-0.$r2"},"/ev",{"temp=":"$r"},{"->":"B5.0.2.s"},[{"#n":"$r2"}],{"->":"B6"},"\n",{"#f":5}]}],{"#f":1}],"B6":["end",{"#f":1}],"#f":1}],"listDefs":{}}