﻿{"inkVersion":20,"root":[["^Video explains that Exodus uploaded everyone's consciousness if they had one of their earbuds, vaporizing bodies instantly. Everyone now lives in a virtual 'metaworld'. But there is a core group of rebels against this company who still exist in the world and are trying to find a way of life in this post-Exodus planet. They give you the directions to come find them. You decide to carry on the legacy of humanity and find the fellow rebels. As the sun sets on the city, you realize that this is a post-human era. With so many cyber modifications, perhaps you're not even human anymore. But perhaps that's ok, and it's time to start anew.  Perhaps you were detained for the purpose of humanity remaining","\n",["ev",{"^->":"0.2.$r1"},{"temp=":"$r"},"str",{"->":".^.s"},[{"#n":"$r1"}],"/str","/ev",{"*":"0.c-0","flg":18},{"s":["^choose a different floor...",{"->":"$r","var":true},null]}],["ev",{"^->":"0.3.$r1"},{"temp=":"$r"},"str",{"->":".^.s"},[{"#n":"$r1"}],"/str","/ev",{"*":"0.c-1","flg":18},{"s":["^i'm finished...",{"->":"$r","var":true},null]}],{"c-0":["ev",{"^->":"0.c-0.$r2"},"/ev",{"temp=":"$r"},{"->":"0.2.s"},[{"#n":"$r2"}],{"->":"elevator_choice"},"\n",{"->":"0.g-0"},{"#f":5}],"c-1":["ev",{"^->":"0.c-1.$r2"},"/ev",{"temp=":"$r"},{"->":"0.3.s"},[{"#n":"$r2"}],{"->":"terminate_game"},"\n",{"->":"0.g-0"},{"#f":5}],"g-0":["done",{"#f":5}]}],"done",{"terminate_game":["end",{"#f":1}],"elevator_choice":["end",{"#f":1}],"#f":1}],"listDefs":{}}