﻿{"inkVersion":20,"root":[[["done",{"#f":5,"#n":"g-0"}],null],"done",{"Ending_B":[["^Learn that Exodus company made contact with parallel world that convinced them they were god. Once established teleportation bridge, learned this was a cyber entity that was trying to colonize as many worlds as possible. This entity used the technology and earbuds produced by Exodus to vaporize all life forms in contact with the technology and take over the planet. These semi-real semi-holographic beings now haunt this world and are in search of remaining human souls to kill. You're not one of the planet's only hopes in finding other humans out there and destroying this cyber civilization or evacuating to another world. You return to surface and realize this is just the beginning. perhaps you and a number of other employees were locked up as a fail safe. You decide to start by setting other humans free and then go out looking for more.","\n",["ev",{"^->":"Ending_B.0.2.$r1"},{"temp=":"$r"},"str",{"->":".^.s"},[{"#n":"$r1"}],"/str","/ev",{"*":".^.^.c-0","flg":18},{"s":["^choose a different floor...",{"->":"$r","var":true},null]}],["ev",{"^->":"Ending_B.0.3.$r1"},{"temp=":"$r"},"str",{"->":".^.s"},[{"#n":"$r1"}],"/str","/ev",{"*":".^.^.c-1","flg":18},{"s":["^i'm finished... ",{"->":"$r","var":true},null]}],{"c-0":["ev",{"^->":"Ending_B.0.c-0.$r2"},"/ev",{"temp=":"$r"},{"->":".^.^.2.s"},[{"#n":"$r2"}],{"->":"elevator_choice"},"\n",{"#f":5}],"c-1":["ev",{"^->":"Ending_B.0.c-1.$r2"},"/ev",{"temp=":"$r"},{"->":".^.^.3.s"},[{"#n":"$r2"}],{"->":"terminate_game"},"\n",{"#f":5}]}],{"#f":1}],"terminate_game":["end",{"#f":1}],"elevator_choice":["end",{"#f":1}],"#f":1}],"listDefs":{}}