﻿{"inkVersion":20,"root":[["^Entity tells you not to be afraid- that their life forms have come to save the world and that you'll be safe now. Your body is only holding you back so you won't need it any more and your consciousness will be uploaded to their higher realm. You don't trust it and you resist, but it's too late now. Everything fades to black. You wake up in a white cell again, a lot like the first description of this game. Someone comes to serve you food. You'll be here forever, and they will take care of you. You neededn't fear any more. Because all you need to do is exist for them.","\n",["ev",{"^->":"0.2.$r1"},{"temp=":"$r"},"str",{"->":".^.s"},[{"#n":"$r1"}],"/str","/ev",{"*":"0.c-0","flg":18},{"s":["^choose a different floor...",{"->":"$r","var":true},null]}],["ev",{"^->":"0.3.$r1"},{"temp=":"$r"},"str",{"->":".^.s"},[{"#n":"$r1"}],"/str","/ev",{"*":"0.c-1","flg":18},{"s":["^i'm finished...",{"->":"$r","var":true},null]}],{"c-0":["ev",{"^->":"0.c-0.$r2"},"/ev",{"temp=":"$r"},{"->":"0.2.s"},[{"#n":"$r2"}],{"->":"elevator_choice"},"\n",{"->":"0.g-0"},{"#f":5}],"c-1":["ev",{"^->":"0.c-1.$r2"},"/ev",{"temp=":"$r"},{"->":"0.3.s"},[{"#n":"$r2"}],{"->":"terminate_game"},"\n",{"->":"0.g-0"},{"#f":5}],"g-0":["done",{"#f":5}]}],"done",{"terminate_game":["end",{"#f":1}],"elevator_choice":["end",{"#f":1}],"#f":1}],"listDefs":{}}