﻿{"inkVersion":20,"root":[["^Enter main player, alone in a white void style cell. Plot is formated in second person; gender of player is not described (i.e. made ambigous so that everyone connects with the main player character). Player is trying to remember where they are and what is going on. They begin to look around the void room for more information.","\n",["ev",{"^->":"0.2.$r1"},{"temp=":"$r"},"str",{"->":".^.s"},[{"#n":"$r1"}],"/str","/ev",{"*":"0.c-0","flg":18},{"s":["^you keep going... ",{"->":"$r","var":true},null]}],{"c-0":["ev",{"^->":"0.c-0.$r2"},"/ev",{"temp=":"$r"},{"->":"0.2.s"},[{"#n":"$r2"}],{"->":"memories_begin"},"\n",{"->":"0.g-0"},{"#f":5}],"g-0":["done",{"#f":5}]}],"done",{"memories_begin":[["^Player finds a small imprint on the wall, labeled Exodus Ventures Incoorporated. The player remembers some of their past. Player receive flashback of first day working at the company- they were an international masters student in computer science trying to get a job. They landed an entry level position at one of the world's top artificial intelligence labs, Exodus. The country and date of this setting is not described, but Exodus should come off as a global venture capital company, much like SpaceX. We also get a sense that this takes place somewhat in the future, based on the technological advancements this scene references.","\n",["ev",{"^->":"memories_begin.0.2.$r1"},{"temp=":"$r"},"str",{"->":".^.s"},[{"#n":"$r1"}],"/str","/ev",{"*":".^.^.c-0","flg":18},{"s":["^you keep going... ",{"->":"$r","var":true},null]}],{"c-0":["ev",{"^->":"memories_begin.0.c-0.$r2"},"/ev",{"temp=":"$r"},{"->":".^.^.2.s"},[{"#n":"$r2"}],{"->":"first_choice"},"\n",{"#f":5}]}],{"#f":1}],"first_choice":[["^Player remarks on having a hard time finding any information about how to get out of this voided room. They deliberate on whether to turn right or turn left. The player is prompted with their first choice.","\n",["ev",{"^->":"first_choice.0.2.$r1"},{"temp=":"$r"},"str",{"->":".^.s"},[{"#n":"$r1"}],"/str","/ev",{"*":".^.^.c-0","flg":18},{"s":["^you go right... ",{"->":"$r","var":true},null]}],["ev",{"^->":"first_choice.0.3.$r1"},{"temp=":"$r"},"str",{"->":".^.s"},[{"#n":"$r1"}],"/str","/ev",{"*":".^.^.c-1","flg":18},{"s":["^you go left... ",{"->":"$r","var":true},null]}],{"c-0":["ev",{"^->":"first_choice.0.c-0.$r2"},"/ev",{"temp=":"$r"},{"->":".^.^.2.s"},[{"#n":"$r2"}],{"->":"knot_3_right"},"\n",{"#f":5}],"c-1":["ev",{"^->":"first_choice.0.c-1.$r2"},"/ev",{"temp=":"$r"},{"->":".^.^.3.s"},[{"#n":"$r2"}],{"->":"knot_3_left"},"\n",{"#f":5}]}],{"#f":1}],"knot_3_right":[["^walking over but you go right","\n",["ev",{"^->":"knot_3_right.0.2.$r1"},{"temp=":"$r"},"str",{"->":".^.s"},[{"#n":"$r1"}],"/str","/ev",{"*":".^.^.c-0","flg":18},{"s":["^what's that you see...",{"->":"$r","var":true},null]}],{"c-0":["ev",{"^->":"knot_3_right.0.c-0.$r2"},"/ev",{"temp=":"$r"},{"->":".^.^.2.s"},[{"#n":"$r2"}],{"->":"inscription"},"\n",{"#f":5}]}],{"#f":1}],"knot_3_left":[["^walking over but you go left (no difference but left)","\n",["ev",{"^->":"knot_3_left.0.2.$r1"},{"temp=":"$r"},"str",{"->":".^.s"},[{"#n":"$r1"}],"/str","/ev",{"*":".^.^.c-0","flg":18},{"s":["^what's that you see...",{"->":"$r","var":true},null]}],{"c-0":["ev",{"^->":"knot_3_left.0.c-0.$r2"},"/ev",{"temp=":"$r"},{"->":".^.^.2.s"},[{"#n":"$r2"}],{"->":"inscription"},"\n",{"#f":5}]}],{"#f":1}],"inscription":[[["ev",{"^->":"inscription.0.0.$r1"},{"temp=":"$r"},"str",{"->":".^.s"},[{"#n":"$r1"}],"/str",{"CNT?":"knot_3_right"},"/ev",{"*":".^.^.c-0","flg":19},{"s":["^you turn right and pull down the panel... ",{"->":"$r","var":true},null]}],["ev",{"^->":"inscription.0.1.$r1"},{"temp=":"$r"},"str",{"->":".^.s"},[{"#n":"$r1"}],"/str",{"CNT?":"knot_3_left"},"/ev",{"*":".^.^.c-1","flg":19},{"s":["^you turn left and pull down the panel... ",{"->":"$r","var":true},null]}],["ev",{"^->":"inscription.0.2.$r1"},{"temp=":"$r"},"str",{"->":".^.s"},[{"#n":"$r1"}],"/str","/ev",{"*":".^.^.c-2","flg":18},{"s":["^you contemplate a different option... ",{"->":"$r","var":true},null]}],{"c-0":["ev",{"^->":"inscription.0.c-0.$r2"},"/ev",{"temp=":"$r"},{"->":".^.^.0.s"},[{"#n":"$r2"}],{"->":"panel_pull"},"\n",{"#f":5}],"c-1":["ev",{"^->":"inscription.0.c-1.$r2"},"/ev",{"temp=":"$r"},{"->":".^.^.1.s"},[{"#n":"$r2"}],{"->":"panel_pull"},"\n",{"#f":5}],"c-2":["ev",{"^->":"inscription.0.c-2.$r2"},"/ev",{"temp=":"$r"},{"->":".^.^.2.s"},[{"#n":"$r2"}],{"->":"other_option"},"\n",{"#f":5}]}],{"#f":1}],"panel_pull":[["^Good choice, you think to yourself. You see a number of loose screws.","\n",["ev",{"^->":"panel_pull.0.2.$r1"},{"temp=":"$r"},"str",{"->":".^.s"},[{"#n":"$r1"}],"/str","/ev",{"*":".^.^.c-0","flg":18},{"s":["^what next...",{"->":"$r","var":true},null]}],{"c-0":["ev",{"^->":"panel_pull.0.c-0.$r2"},"/ev",{"temp=":"$r"},{"->":".^.^.2.s"},[{"#n":"$r2"}],{"->":"the_code"},"\n",{"#f":5}]}],{"#f":1}],"other_option":[["^Can't come up with another action. You go back to your first idea of pulling the panel down. After all, you see a number of screws loose.","\n",["ev",{"^->":"other_option.0.2.$r1"},{"temp=":"$r"},"str",{"->":".^.s"},[{"#n":"$r1"}],"/str","/ev",{"*":".^.^.c-0","flg":18},{"s":["^what next...",{"->":"$r","var":true},null]}],{"c-0":["ev",{"^->":"other_option.0.c-0.$r2"},"/ev",{"temp=":"$r"},{"->":".^.^.2.s"},[{"#n":"$r2"}],{"->":"the_code"},"\n",{"#f":5}]}],{"#f":1}],"the_code":[["^The player pulls down the panel to find a make-shift keypad of old wires and an archaic display. They are propmpted to enter a key. Not knowing what else to do...","\n",["ev",{"^->":"the_code.0.2.$r1"},{"temp=":"$r"},"str",{"->":".^.s"},[{"#n":"$r1"}],"/str","/ev",{"*":".^.^.c-0","flg":18},{"s":["^enter code... ",{"->":"$r","var":true},null]}],{"c-0":["ev",{"^->":"the_code.0.c-0.$r2"},"/ev",{"temp=":"$r"},{"->":".^.^.2.s"},[{"#n":"$r2"}],{"->":"freedom"},"\n",{"#f":5}]}],{"#f":1}],"freedom":[["^With a whoosh and a large amount of steam, one of the walls slides down, freeing you into what appears to be a circular warehouse style building. It appears that there are a number of void-like holding cells on each level of this circular warehouse. There are almost imperceptably many levels to this warehouse.","\n",["ev",{"^->":"freedom.0.2.$r1"},{"temp=":"$r"},"str",{"->":".^.s"},[{"#n":"$r1"}],"/str","/ev",{"*":".^.^.c-0","flg":18},{"s":["^run... ",{"->":"$r","var":true},null]}],{"c-0":["ev",{"^->":"freedom.0.c-0.$r2"},"/ev",{"temp=":"$r"},{"->":".^.^.2.s"},[{"#n":"$r2"}],{"->":"running"},"\n",{"#f":5}]}],{"#f":1}],"running":[["^Not knowing what to do next, you run around the circular railing gating your floor of the infinite warehouse. You run past cell after cell before eventually finding what appears to be a set of two silver doors.","\n",["ev",{"^->":"running.0.2.$r1"},{"temp=":"$r"},"str",{"->":".^.s"},[{"#n":"$r1"}],"/str","/ev",{"*":".^.^.c-0","flg":18},{"s":["^push button next to door...",{"->":"$r","var":true},null]}],{"c-0":["ev",{"^->":"running.0.c-0.$r2"},"/ev",{"temp=":"$r"},{"->":".^.^.2.s"},[{"#n":"$r2"}],{"->":"button_pushed"},"\n",{"#f":5}]}],{"#f":1}],"button_pushed":[["^Hesitantly, you push a white button next to the set of doors. It glows white, illuminating the patch of shadow in the cooridor. You can now tell that you have called the elevator. You step into the elevator as the door opens.","\n",["ev",{"^->":"button_pushed.0.2.$r1"},{"temp=":"$r"},"str",{"->":".^.s"},[{"#n":"$r1"}],"/str","/ev",{"*":".^.^.c-0","flg":18},{"s":["^keep going...",{"->":"$r","var":true},null]}],{"c-0":["ev",{"^->":"button_pushed.0.c-0.$r2"},"/ev",{"temp=":"$r"},{"->":".^.^.2.s"},[{"#n":"$r2"}],{"->":"elevator_choice"},"\n",{"#f":5}]}],{"#f":1}],"elevator_choice":[["^You half expect the elevator's inner panel to be littered with millions of little buttons. But to your surprise, there are only three to choose from. You look up and see a dirty old security camera looking down at you. Someone must be watching. You know you're not supposed to be there. So you haven't got much time.","\n",["ev",{"^->":"elevator_choice.0.2.$r1"},{"temp=":"$r"},"str",{"->":".^.s"},[{"#n":"$r1"}],"/str","/ev",{"*":".^.^.c-0","flg":18},{"s":["^choose button 'R'... ",{"->":"$r","var":true},null]}],["ev",{"^->":"elevator_choice.0.3.$r1"},{"temp=":"$r"},"str",{"->":".^.s"},[{"#n":"$r1"}],"/str","/ev",{"*":".^.^.c-1","flg":18},{"s":["^choose button 'L'... ",{"->":"$r","var":true},null]}],["ev",{"^->":"elevator_choice.0.4.$r1"},{"temp=":"$r"},"str",{"->":".^.s"},[{"#n":"$r1"}],"/str","/ev",{"*":".^.^.c-2","flg":18},{"s":["^choose button 'B'...",{"->":"$r","var":true},null]}],{"c-0":["ev",{"^->":"elevator_choice.0.c-0.$r2"},"/ev",{"temp=":"$r"},{"->":".^.^.2.s"},[{"#n":"$r2"}],{"->":"level_R"},"\n",{"#f":5}],"c-1":["ev",{"^->":"elevator_choice.0.c-1.$r2"},"/ev",{"temp=":"$r"},{"->":".^.^.3.s"},[{"#n":"$r2"}],{"->":"level_L"},"\n",{"#f":5}],"c-2":["ev",{"^->":"elevator_choice.0.c-2.$r2"},"/ev",{"temp=":"$r"},{"->":".^.^.4.s"},[{"#n":"$r2"}],{"->":"level_B"},"\n",{"#":""},{"#":""},{"#":""},{"#":""},{"#":""},{"#":""},{"#":""},{"#":""},{"#":""},{"#":""},{"#":""},{"#":""},{"#":""},{"#":""},{"#":""},{"#":""},{"#":""},{"#":""},{"#":""},{"#":""},{"#":""},{"#":""},{"#":""},{"#":""},{"#":""},{"#":""},{"#":""},{"#":""},{"#":""},{"#":""},{"#":""},{"#":""},{"#":""},{"#":""},{"#":""},{"#":""},{"#":""},{"#":""},{"#":""},{"#":""},{"#":""},{"#":""},{"#":""},{"#":""},{"#":""},{"#":""},{"#":""},{"#":""},{"#":""},{"#":""},{"#":""},{"#":""},{"#":""},{"#":""},{"#":""},{"#":""},{"#":""},{"#":""},{"#":""},{"#":""},{"#":""},{"#":""},{"#":""},{"#":""},{"#":""},{"#":""},{"#":""},{"#":""},{"#":""},{"#":""},{"#":""},{"#":""},{"#":""},{"#":""},{"#":""},{"#":""},{"#":""},{"#":""},{"#":""},{"#":""},{"#":""},{"#":""},{"#":""},{"#":""},{"#":""},{"#":""},{"#":""},{"#":""},{"#":""},{"#":""},{"#":""},{"#":""},{"#":""},{"#":""},{"#":""},{"#":""},{"#":""},{"#":""},{"#":""},{"#":""},{"#":""},{"#":""},{"#":""},{"#":""},{"#":""},{"#":""},{"#":""},{"#":""},{"#":""},{"#":""},{"#":""},{"#":""},{"#":""},{"#":""},{"#":""},{"#":""},{"#":""},{"#":""},{"#":""},{"#":""},{"#":""},{"#":""},{"#":""},{"#":""},{"#":""},{"#":""},{"#":""},{"#":""},{"#":""},{"#":""},{"#":""},{"#":""},{"#":""},{"#":""},{"#":""},{"#":""},{"#":""},{"#":""},{"#":""},{"#":""},{"#":""},{"#":""},{"#":""},{"#":""},{"#":""},{"#":""},{"#":""},{"#":""},{"#":""},{"#":""},{"#":""},{"#":""},{"#":""},{"#":""},{"#":""},{"#":""},{"#":""},{"#":""},{"#":""},{"#":""},{"#":""},{"#":""},{"#":""},{"#":""},{"#":""},{"#":""},{"#":""},{"#":""},{"#":""},{"#":""},{"#":""},{"#":""},{"#":""},{"#":""},{"#f":5}]}],{"#f":1}],"level_R":[["^Flashback to orientation at Exodus while elevator floors tick away. More about how this big tech company specilizes in narrative artificial intelligence and simulation. Why player was drawn to work for Exodus is contained in this scene. Based on this flashback, player should be left feeling on edge and not entirly trusting of the company.","\n",["ev",{"^->":"level_R.0.2.$r1"},{"temp=":"$r"},"str",{"->":".^.s"},[{"#n":"$r1"}],"/str","/ev",{"*":".^.^.c-0","flg":18},{"s":["^step out of elevator...",{"->":"$r","var":true},null]}],{"c-0":["ev",{"^->":"level_R.0.c-0.$r2"},"/ev",{"temp=":"$r"},{"->":".^.^.2.s"},[{"#n":"$r2"}],{"->":"R1"},"\n",{"#f":5}]}],{"#f":1}],"R1":[["^You exit the elevator to reveal a rooftop laboratory, looking out on a vast empty and cold city. The lights of the city are still on, but you can't seem to find any traces of life. But there is a decent amount of blood around.","\n",["ev",{"^->":"R1.0.2.$r1"},{"temp=":"$r"},"str",{"->":".^.s"},[{"#n":"$r1"}],"/str","/ev",{"*":"R1.0.c-0","flg":18},{"s":["^keep going...",{"->":"$r","var":true},null]}],{"c-0":["ev",{"^->":"R1.0.c-0.$r2"},"/ev",{"temp=":"$r"},{"->":"R1.0.2.s"},[{"#n":"$r2"}],{"->":"R2"},"\n",{"#f":5}]}],{"#f":1}],"R2":[["^The lab seems to be in chaos though no one is around. A number of computers are broken and glass litters the floor. Windows are broken too, and wind howls in as the sun is beginning to set.","\n",["ev",{"^->":"R2.0.2.$r1"},{"temp=":"$r"},"str",{"->":".^.s"},[{"#n":"$r1"}],"/str","/ev",{"*":"R2.0.c-0","flg":18},{"s":["^pick up papers on floor...",{"->":"$r","var":true},null]}],["ev",{"^->":"R2.0.3.$r1"},{"temp=":"$r"},"str",{"->":".^.s"},[{"#n":"$r1"}],"/str","/ev",{"*":"R2.0.c-1","flg":18},{"s":["^don't... ",{"->":"$r","var":true},null]}],{"c-0":["ev",{"^->":"R2.0.c-0.$r2"},"/ev",{"temp=":"$r"},{"->":"R2.0.2.s"},[{"#n":"$r2"}],{"->":"R3"},"\n",{"#f":5}],"c-1":["ev",{"^->":"R2.0.c-1.$r2"},"/ev",{"temp=":"$r"},{"->":"R2.0.3.s"},[{"#n":"$r2"}],{"->":"R5"},"\n",{"#f":5}]}],{"#f":1}],"R3":[["^Papers seem to be talking about how there is some sort of cyber entity the company has stumbled across when learning about multiversal transportation, which they studied out of an initial interest in time travel. Some of papers are also papers we read in class.","\n",["ev",{"^->":"R3.0.2.$r1"},{"temp=":"$r"},"str",{"->":".^.s"},[{"#n":"$r1"}],"/str","/ev",{"*":"R3.0.c-0","flg":18},{"s":["^Go towards computer monitor...",{"->":"$r","var":true},null]}],{"c-0":["ev",{"^->":"R3.0.c-0.$r2"},"/ev",{"temp=":"$r"},{"->":"R3.0.2.s"},[{"#n":"$r2"}],{"->":"R4"},"\n",{"#f":5}]}],{"#f":1}],"R4":[["^You watch video on computer. Seems to be video of hologram-like spindly blue figures leaping from computer screens out at humans in the lab. The computer says that this video was taken almost three years in the past. Yet everything in the lab is nearly identical in position and place.","\n",["ev",{"^->":"R4.0.2.$r1"},{"temp=":"$r"},"str",{"->":".^.s"},[{"#n":"$r1"}],"/str","/ev",{"*":"R4.0.c-0","flg":18},{"s":["^keep going...",{"->":"$r","var":true},null]}],{"c-0":["ev",{"^->":"R4.0.c-0.$r2"},"/ev",{"temp=":"$r"},{"->":"R4.0.2.s"},[{"#n":"$r2"}],{"->":"R5"},"\n",{"#f":5}]}],{"#f":1}],"R5":[["^You keep moving forward, and soon find what appears to be the main focal point of the room- a large arch-like tunnel that seems to be labeled 'star gate'.","\n",["ev",{"^->":"R5.0.2.$r1"},{"temp=":"$r"},"str",{"->":".^.s"},[{"#n":"$r1"}],"/str","/ev",{"*":"R5.0.c-0","flg":18},{"s":["^turn it on...",{"->":"$r","var":true},null]}],["ev",{"^->":"R5.0.3.$r1"},{"temp=":"$r"},"str",{"->":".^.s"},[{"#n":"$r1"}],"/str","/ev",{"*":"R5.0.c-1","flg":18},{"s":["^let it be...",{"->":"$r","var":true},null]}],{"c-0":["ev",{"^->":"R5.0.c-0.$r2"},"/ev",{"temp=":"$r"},{"->":"R5.0.2.s"},[{"#n":"$r2"}],{"->":"R5_on"},"\n",{"#f":5}],"c-1":["ev",{"^->":"R5.0.c-1.$r2"},"/ev",{"temp=":"$r"},{"->":"R5.0.3.s"},[{"#n":"$r2"}],{"->":"R5_on_self"},"\n",{"#f":5}]}],{"#f":1}],"R5_on":[["^Gate fizzes to life","\n",["ev",{"^->":"R5_on.0.2.$r1"},{"temp=":"$r"},"str",{"->":".^.s"},[{"#n":"$r1"}],"/str","/ev",{"*":".^.^.c-0","flg":18},{"s":["^keep going... ",{"->":"$r","var":true},null]}],{"c-0":["ev",{"^->":"R5_on.0.c-0.$r2"},"/ev",{"temp=":"$r"},{"->":".^.^.2.s"},[{"#n":"$r2"}],{"->":"R6"},"\n",{"#f":5}]}],{"#f":1}],"R5_on_self":[["^Gate turns on by itself","\n",["ev",{"^->":"R5_on_self.0.2.$r1"},{"temp=":"$r"},"str",{"->":".^.s"},[{"#n":"$r1"}],"/str","/ev",{"*":".^.^.c-0","flg":18},{"s":["^keep going... ",{"->":"$r","var":true},null]}],{"c-0":["ev",{"^->":"R5_on_self.0.c-0.$r2"},"/ev",{"temp=":"$r"},{"->":".^.^.2.s"},[{"#n":"$r2"}],{"->":"R6"},"\n",{"#f":5}]}],{"#f":1}],"R6":[["^Peer into gate- you seem to be able to see into a mirror world, identical to this one. People from the video are walking around. You call to them, but they can't hear you.","\n",["ev",{"^->":"R6.0.2.$r1"},{"temp=":"$r"},"str",{"->":".^.s"},[{"#n":"$r1"}],"/str","/ev",{"*":"R6.0.c-0","flg":18},{"s":["^what's going on...",{"->":"$r","var":true},null]}],{"c-0":["ev",{"^->":"R6.0.c-0.$r2"},"/ev",{"temp=":"$r"},{"->":"R6.0.2.s"},[{"#n":"$r2"}],{"->":"R7"},"\n",{"#f":5}]}],{"#f":1}],"R7":[["^Suddenly, the room begins to flash as an eerie siren starts up. It's unlike any human siren you've ever heard, and it reports in a language you've never heard either of beeps and clicks.","\n",["ev",{"^->":"R7.0.2.$r1"},{"temp=":"$r"},"str",{"->":".^.s"},[{"#n":"$r1"}],"/str","/ev",{"*":"R7.0.c-0","flg":18},{"s":["^yikes...",{"->":"$r","var":true},null]}],{"c-0":["ev",{"^->":"R7.0.c-0.$r2"},"/ev",{"temp=":"$r"},{"->":"R7.0.2.s"},[{"#n":"$r2"}],{"->":"R8"},"\n",{"#f":5}]}],{"#f":1}],"R8":[["^Spiky spindly blue electiricty hologram creature thing pulls itself out of the portal. It's kind of beautiful but also terrifying. Image claims to be a god- 'be not afraid'.","\n",["ev",{"^->":"R8.0.2.$r1"},{"temp=":"$r"},"str",{"->":".^.s"},[{"#n":"$r1"}],"/str","/ev",{"*":"R8.0.c-0","flg":18},{"s":["^run like hell...",{"->":"$r","var":true},null]}],["ev",{"^->":"R8.0.3.$r1"},{"temp=":"$r"},"str",{"->":".^.s"},[{"#n":"$r1"}],"/str","/ev",{"*":"R8.0.c-1","flg":18},{"s":["^drawn in by beauty...",{"->":"$r","var":true},null]}],{"c-0":["ev",{"^->":"R8.0.c-0.$r2"},"/ev",{"temp=":"$r"},{"->":"R8.0.2.s"},[{"#n":"$r2"}],{"->":"run_scene"},"\n",{"#f":5}],"c-1":["ev",{"^->":"R8.0.c-1.$r2"},"/ev",{"temp=":"$r"},{"->":"R8.0.3.s"},[{"#n":"$r2"}],{"->":"ending_R"},"\n",{"#f":5}]}],{"#f":1}],"ending_R":[["^Entity tells you not to be afraid- that their life forms have come to save the world and that you'll be safe now. Your body is only holding you back so you won't need it any more and your consciousness will be uploaded to their higher realm. You don't trust it and you resist, but it's too late now. Everything fades to black. You wake up in a white cell again, a lot like the first description of this game. Someone comes to serve you food. You'll be here forever, and they will take care of you. You neededn't fear any more. Because all you need to do is exist for them.","\n",["ev",{"^->":"ending_R.0.2.$r1"},{"temp=":"$r"},"str",{"->":".^.s"},[{"#n":"$r1"}],"/str","/ev",{"*":".^.^.c-0","flg":18},{"s":["^choose a different floor...",{"->":"$r","var":true},null]}],["ev",{"^->":"ending_R.0.3.$r1"},{"temp=":"$r"},"str",{"->":".^.s"},[{"#n":"$r1"}],"/str","/ev",{"*":".^.^.c-1","flg":18},{"s":["^i'm finished...",{"->":"$r","var":true},null]}],{"c-0":["ev",{"^->":"ending_R.0.c-0.$r2"},"/ev",{"temp=":"$r"},{"->":".^.^.2.s"},[{"#n":"$r2"}],{"->":"elevator_choice"},"\n",{"#f":5}],"c-1":["ev",{"^->":"ending_R.0.c-1.$r2"},"/ev",{"temp=":"$r"},{"->":".^.^.3.s"},[{"#n":"$r2"}],{"->":"terminate_game"},"\n",{"#f":5}]}],{"#f":1}],"run_scene":[["^you're running and go into elevator- hit floor L.","\n",["ev",{"^->":"run_scene.0.2.$r1"},{"temp=":"$r"},"str",{"->":".^.s"},[{"#n":"$r1"}],"/str","/ev",{"*":".^.^.c-0","flg":18},{"s":["^you made it...",{"->":"$r","var":true},null]}],{"c-0":["ev",{"^->":"run_scene.0.c-0.$r2"},"/ev",{"temp=":"$r"},{"->":".^.^.2.s"},[{"#n":"$r2"}],{"->":"L1"},"\n",{"#":""},{"#":""},{"#":""},{"#":""},{"#":""},{"#":""},{"#":""},{"#":""},{"#":""},{"#":""},{"#":""},{"#":""},{"#":""},{"#":""},{"#":""},{"#":""},{"#":""},{"#":""},{"#":""},{"#":""},{"#":""},{"#":""},{"#":""},{"#":""},{"#":""},{"#":""},{"#":""},{"#":""},{"#":""},{"#":""},{"#":""},{"#":""},{"#":""},{"#":""},{"#":""},{"#":""},{"#":""},{"#":""},{"#":""},{"#":""},{"#":""},{"#":""},{"#":""},{"#":""},{"#":""},{"#":""},{"#":""},{"#":""},{"#":""},{"#":""},{"#":""},{"#":""},{"#":""},{"#":""},{"#":""},{"#":""},{"#":""},{"#":""},{"#":""},{"#":""},{"#":""},{"#":""},{"#":""},{"#":""},{"#":""},{"#":""},{"#":""},{"#":""},{"#":""},{"#":""},{"#":""},{"#":""},{"#":""},{"#":""},{"#":""},{"#":""},{"#":""},{"#":""},{"#":""},{"#":""},{"#":""},{"#":""},{"#":""},{"#":""},{"#":""},{"#":""},{"#":""},{"#":""},{"#":""},{"#":""},{"#":""},{"#":""},{"#":""},{"#":""},{"#":""},{"#":""},{"#":""},{"#":""},{"#":""},{"#":""},{"#":""},{"#":""},{"#":""},{"#":""},{"#":""},{"#":""},{"#":""},{"#":""},{"#":""},{"#":""},{"#":""},{"#":""},{"#":""},{"#":""},{"#":""},{"#":""},{"#":""},{"#":""},{"#":""},{"#":""},{"#":""},{"#":""},{"#":""},{"#":""},{"#":""},{"#":""},{"#":""},{"#":""},{"#":""},{"#":""},{"#":""},{"#":""},{"#":""},{"#":""},{"#":""},{"#":""},{"#":""},{"#":""},{"#":""},{"#":""},{"#":""},{"#":""},{"#":""},{"#":""},{"#":""},{"#":""},{"#":""},{"#":""},{"#":""},{"#":""},{"#":""},{"#":""},{"#":""},{"#":""},{"#":""},{"#":""},{"#":""},{"#":""},{"#":""},{"#":""},{"#":""},{"#":""},{"#":""},{"#":""},{"#":""},{"#":""},{"#":""},{"#":""},{"#":""},{"#":""},{"#":""},{"#":""},{"#":""},{"#":""},{"#f":5}]}],{"#f":1}],"level_L":[["^Flashback to orientation at Exodus while elevator floors tick away. More about how this big tech company specilizes in narrative artificial intelligence and simulation. Why player was drawn to work for Exodus is contained in this scene. Based on this flashback, player should be left feeling on edge and not entirly trusting of the company.","\n",["ev",{"^->":"level_L.0.2.$r1"},{"temp=":"$r"},"str",{"->":".^.s"},[{"#n":"$r1"}],"/str","/ev",{"*":".^.^.c-0","flg":18},{"s":["^step out of elevator...",{"->":"$r","var":true},null]}],{"c-0":["ev",{"^->":"level_L.0.c-0.$r2"},"/ev",{"temp=":"$r"},{"->":".^.^.2.s"},[{"#n":"$r2"}],{"->":"L1"},"\n",{"#f":5}]}],{"#f":1}],"L1":[["^The elevator doors open reveal an abandoned lobby of a building. Lobby description. You don't remember why you recognize this place.","\n",["ev",{"^->":"L1.0.2.$r1"},{"temp=":"$r"},"str",{"->":".^.s"},[{"#n":"$r1"}],"/str","/ev",{"*":"L1.0.c-0","flg":18},{"s":["^decide to look around...",{"->":"$r","var":true},null]}],{"c-0":["ev",{"^->":"L1.0.c-0.$r2"},"/ev",{"temp=":"$r"},{"->":"L1.0.2.s"},[{"#n":"$r2"}],{"->":"L2"},"\n",{"#f":5}]}],{"#f":1}],"L2":[["^Look around and realize that this is the Exodus company headquarters. You remember badging in and going up to work on one of the skyscraper's top floors. Find informational video about Exodus.","\n",["ev",{"^->":"L2.0.2.$r1"},{"temp=":"$r"},"str",{"->":".^.s"},[{"#n":"$r1"}],"/str","/ev",{"*":"L2.0.c-0","flg":18},{"s":["^play video...",{"->":"$r","var":true},null]}],["ev",{"^->":"L2.0.3.$r1"},{"temp=":"$r"},"str",{"->":".^.s"},[{"#n":"$r1"}],"/str","/ev",{"*":"L2.0.c-1","flg":18},{"s":["^don't...",{"->":"$r","var":true},null]}],{"c-0":["ev",{"^->":"L2.0.c-0.$r2"},"/ev",{"temp=":"$r"},{"->":"L2.0.2.s"},[{"#n":"$r2"}],{"->":"L2_5"},"\n",{"#f":5}],"c-1":["ev",{"^->":"L2.0.c-1.$r2"},"/ev",{"temp=":"$r"},{"->":"L2.0.3.s"},[{"#n":"$r2"}],{"->":"L3"},"\n",{"#f":5}]}],{"#f":1}],"L2_5":[["^Video provides more information on the type of technologies Exodus offers, hinting at being able to upload consciousness (through an earpeice) to a computer and being able to teleport to new spaces.","\n",["ev",{"^->":"L2_5.0.2.$r1"},{"temp=":"$r"},"str",{"->":".^.s"},[{"#n":"$r1"}],"/str","/ev",{"*":".^.^.c-0","flg":18},{"s":["^keep going...",{"->":"$r","var":true},null]}],{"c-0":["ev",{"^->":"L2_5.0.c-0.$r2"},"/ev",{"temp=":"$r"},{"->":".^.^.2.s"},[{"#n":"$r2"}],{"->":"L3"},"\n",{"#f":5}]}],{"#f":1}],"L3":[["^What do I do now? This lobby is unsettling and something definitly happened hear to make it so empty. It looks like everyone just vanished.","\n",["ev",{"^->":"L3.0.2.$r1"},{"temp=":"$r"},"str",{"->":".^.s"},[{"#n":"$r1"}],"/str","/ev",{"*":"L3.0.c-0","flg":18},{"s":["^don't like it here. Roof...",{"->":"$r","var":true},null]}],["ev",{"^->":"L3.0.3.$r1"},{"temp=":"$r"},"str",{"->":".^.s"},[{"#n":"$r1"}],"/str","/ev",{"*":"L3.0.c-1","flg":18},{"s":["^keep going...",{"->":"$r","var":true},null]}],{"c-0":["ev",{"^->":"L3.0.c-0.$r2"},"/ev",{"temp=":"$r"},{"->":"L3.0.2.s"},[{"#n":"$r2"}],{"->":"R1"},"\n",{"#f":5}],"c-1":["ev",{"^->":"L3.0.c-1.$r2"},"/ev",{"temp=":"$r"},{"->":"L3.0.3.s"},[{"#n":"$r2"}],{"->":"L4"},"\n",{"#f":5}]}],{"#f":1}],"L4":[["^You look around outside and can find no signs of life. The city is quiet and still. A few small animals run around and it seems as if plant life is beginning to overtake the city. You run to a car nearby in the middle of the street. It sits near a couple cars that crashed together. You try and turn it on but it doesn't have any gas- as if it ran out from being stalled for too long. In the passanger seat is a small white earbud, which has exodus's company symbol on it.","\n",["ev",{"^->":"L4.0.2.$r1"},{"temp=":"$r"},"str",{"->":".^.s"},[{"#n":"$r1"}],"/str","/ev",{"*":"L4.0.c-0","flg":18},{"s":["^keep walking...",{"->":"$r","var":true},null]}],["ev",{"^->":"L4.0.3.$r1"},{"temp=":"$r"},"str",{"->":".^.s"},[{"#n":"$r1"}],"/str","/ev",{"*":"L4.0.c-1","flg":18},{"s":["^hyjack a car...",{"->":"$r","var":true},null]}],{"c-0":["ev",{"^->":"L4.0.c-0.$r2"},"/ev",{"temp=":"$r"},{"->":"L4.0.2.s"},[{"#n":"$r2"}],{"->":"L4_5_1"},"\n",{"#f":5}],"c-1":["ev",{"^->":"L4.0.c-1.$r2"},"/ev",{"temp=":"$r"},{"->":"L4.0.3.s"},[{"#n":"$r2"}],{"->":"L4_5_2"},"\n",{"#f":5}]}],{"#f":1}],"L4_5_1":[["^You keep walking for a while as night begins to set and all the city lights still come on with a timer.","\n",["ev",{"^->":"L4_5_1.0.2.$r1"},{"temp=":"$r"},"str",{"->":".^.s"},[{"#n":"$r1"}],"/str","/ev",{"*":".^.^.c-0","flg":18},{"s":["^keep going...",{"->":"$r","var":true},null]}],{"c-0":["ev",{"^->":"L4_5_1.0.c-0.$r2"},"/ev",{"temp=":"$r"},{"->":".^.^.2.s"},[{"#n":"$r2"}],{"->":"L5"},"\n",{"#f":5}]}],{"#f":1}],"L4_5_2":[["^Jump start car and drive around more. You also find a couple more earpeices in the car seats.","\n",["ev",{"^->":"L4_5_2.0.2.$r1"},{"temp=":"$r"},"str",{"->":".^.s"},[{"#n":"$r1"}],"/str","/ev",{"*":".^.^.c-0","flg":18},{"s":["^keep going...",{"->":"$r","var":true},null]}],{"c-0":["ev",{"^->":"L4_5_2.0.c-0.$r2"},"/ev",{"temp=":"$r"},{"->":".^.^.2.s"},[{"#n":"$r2"}],{"->":"L5"},"\n",{"#f":5}]}],{"#f":1}],"L5":[["^Eventually, you find an old abandoned building covered in grafiti. One of the grafiti signs seems to suggest there might be answers inside.","\n",["ev",{"^->":"L5.0.2.$r1"},{"temp=":"$r"},"str",{"->":".^.s"},[{"#n":"$r1"}],"/str","/ev",{"*":"L5.0.c-0","flg":18},{"s":["^go inside...",{"->":"$r","var":true},null]}],["ev",{"^->":"L5.0.3.$r1"},{"temp=":"$r"},"str",{"->":".^.s"},[{"#n":"$r1"}],"/str","/ev",{"*":"L5.0.c-1","flg":18},{"s":["^too spooked go to basement...",{"->":"$r","var":true},null]}],{"c-0":["ev",{"^->":"L5.0.c-0.$r2"},"/ev",{"temp=":"$r"},{"->":"L5.0.2.s"},[{"#n":"$r2"}],{"->":"L6"},"\n",{"#f":5}],"c-1":["ev",{"^->":"L5.0.c-1.$r2"},"/ev",{"temp=":"$r"},{"->":"L5.0.3.s"},[{"#n":"$r2"}],{"->":"L5_5"},"\n",{"#f":5}]}],{"#f":1}],"L5_5":[["^You walkin to the basement","\n",["ev",{"^->":"L5_5.0.2.$r1"},{"temp=":"$r"},"str",{"->":".^.s"},[{"#n":"$r1"}],"/str","/ev",{"*":".^.^.c-0","flg":18},{"s":["^keep going...-",{"->":"$r","var":true},null]}],{"c-0":["ev",{"^->":"L5_5.0.c-0.$r2"},"/ev",{"temp=":"$r"},{"->":".^.^.2.s"},[{"#n":"$r2"}],{"->":"B1"},"\n",{"#f":5}]}],{"#f":1}],"L6":[["^Go into building. seems to be some sort of HQ for an anarchy style resistance to Exodus. You open one of the computers, and an old file on the desktop say \"play this if everyone is gone\".","\n",["ev",{"^->":"L6.0.2.$r1"},{"temp=":"$r"},"str",{"->":".^.s"},[{"#n":"$r1"}],"/str","/ev",{"*":"L6.0.c-0","flg":18},{"s":["^keep going...",{"->":"$r","var":true},null]}],{"c-0":["ev",{"^->":"L6.0.c-0.$r2"},"/ev",{"temp=":"$r"},{"->":"L6.0.2.s"},[{"#n":"$r2"}],{"->":"Ending_L"},"\n",{"#f":5}]}],{"#f":1}],"Ending_L":[["^Video explains that Exodus uploaded everyone's consciousness if they had one of their earbuds, vaporizing bodies instantly. Everyone now lives in a virtual 'metaworld'. But there is a core group of rebels against this company who still exist in the world and are trying to find a way of life in this post-Exodus planet. They give you the directions to come find them. You decide to carry on the legacy of humanity and find the fellow rebels. As the sun sets on the city, you realize that this is a post-human era. With so many cyber modifications, perhaps you're not even human anymore. But perhaps that's ok, and it's time to start anew.  Perhaps you were detained for the purpose of humanity remaining","\n",["ev",{"^->":"Ending_L.0.2.$r1"},{"temp=":"$r"},"str",{"->":".^.s"},[{"#n":"$r1"}],"/str","/ev",{"*":".^.^.c-0","flg":18},{"s":["^choose a different floor...",{"->":"$r","var":true},null]}],["ev",{"^->":"Ending_L.0.3.$r1"},{"temp=":"$r"},"str",{"->":".^.s"},[{"#n":"$r1"}],"/str","/ev",{"*":".^.^.c-1","flg":18},{"s":["^i'm finished...",{"->":"$r","var":true},null]}],{"c-0":["ev",{"^->":"Ending_L.0.c-0.$r2"},"/ev",{"temp=":"$r"},{"->":".^.^.2.s"},[{"#n":"$r2"}],{"->":"elevator_choice"},"\n",{"#f":5}],"c-1":["ev",{"^->":"Ending_L.0.c-1.$r2"},"/ev",{"temp=":"$r"},{"->":".^.^.3.s"},[{"#n":"$r2"}],{"->":"terminate_game"},"\n",{"#":""},{"#":""},{"#":""},{"#":""},{"#":""},{"#":""},{"#":""},{"#":""},{"#":""},{"#":""},{"#":""},{"#":""},{"#":""},{"#":""},{"#":""},{"#":""},{"#":""},{"#":""},{"#":""},{"#":""},{"#":""},{"#":""},{"#":""},{"#":""},{"#":""},{"#":""},{"#":""},{"#":""},{"#":""},{"#":""},{"#":""},{"#":""},{"#":""},{"#":""},{"#":""},{"#":""},{"#":""},{"#":""},{"#":""},{"#":""},{"#":""},{"#":""},{"#":""},{"#":""},{"#":""},{"#":""},{"#":""},{"#":""},{"#":""},{"#":""},{"#":""},{"#":""},{"#":""},{"#":""},{"#":""},{"#":""},{"#":""},{"#":""},{"#":""},{"#":""},{"#":""},{"#":""},{"#":""},{"#":""},{"#":""},{"#":""},{"#":""},{"#":""},{"#":""},{"#":""},{"#":""},{"#":""},{"#":""},{"#":""},{"#":""},{"#":""},{"#":""},{"#":""},{"#":""},{"#":""},{"#":""},{"#":""},{"#":""},{"#":""},{"#":""},{"#":""},{"#":""},{"#":""},{"#":""},{"#":""},{"#":""},{"#":""},{"#":""},{"#":""},{"#":""},{"#":""},{"#":""},{"#":""},{"#":""},{"#":""},{"#":""},{"#":""},{"#":""},{"#":""},{"#":""},{"#":""},{"#":""},{"#":""},{"#":""},{"#":""},{"#":""},{"#":""},{"#":""},{"#":""},{"#":""},{"#":""},{"#":""},{"#":""},{"#":""},{"#":""},{"#":""},{"#":""},{"#":""},{"#":""},{"#":""},{"#":""},{"#":""},{"#":""},{"#":""},{"#":""},{"#":""},{"#":""},{"#":""},{"#":""},{"#":""},{"#":""},{"#":""},{"#":""},{"#":""},{"#":""},{"#":""},{"#":""},{"#":""},{"#":""},{"#":""},{"#":""},{"#":""},{"#":""},{"#":""},{"#":""},{"#":""},{"#":""},{"#":""},{"#":""},{"#":""},{"#":""},{"#":""},{"#":""},{"#":""},{"#":""},{"#":""},{"#":""},{"#":""},{"#":""},{"#":""},{"#":""},{"#":""},{"#":""},{"#":""},{"#":""},{"#":""},{"#":""},{"#":""},{"#":""},{"#f":5}]}],{"#f":1}],"level_B":[["^Flashback to orientation at Exodus while elevator floors tick away. More about how this big tech company specilizes in narrative artificial intelligence and simulation. Why player was drawn to work for Exodus is contained in this scene. Based on this flashback, player should be left feeling on edge and not entirly trusting of the company.","\n",["ev",{"^->":"level_B.0.2.$r1"},{"temp=":"$r"},"str",{"->":".^.s"},[{"#n":"$r1"}],"/str","/ev",{"*":".^.^.c-0","flg":18},{"s":["^step out of elevator...",{"->":"$r","var":true},null]}],{"c-0":["ev",{"^->":"level_B.0.c-0.$r2"},"/ev",{"temp=":"$r"},{"->":".^.^.2.s"},[{"#n":"$r2"}],{"->":"B1"},"\n",{"#f":5}]}],{"#f":1}],"B1":[["^The door opens on the basement level of the building. It's dark and grungy but also somehow damp and fizzing with old electricity. There's a bad energy here.","\n",["ev",{"^->":"B1.0.2.$r1"},{"temp=":"$r"},"str",{"->":".^.s"},[{"#n":"$r1"}],"/str","/ev",{"*":"B1.0.c-0","flg":18},{"s":["^keep going...",{"->":"$r","var":true},null]}],{"c-0":["ev",{"^->":"B1.0.c-0.$r2"},"/ev",{"temp=":"$r"},{"->":"B1.0.2.s"},[{"#n":"$r2"}],{"->":"B2"},"\n",{"#f":5}]}],{"#f":1}],"B2":[["^You find a number of papers on narrative AI strewn about, wondering that if AI can learn through narrative, perhaps humans make choices based on narrative. You see an old white room off to a corner of the basement.","\n",["ev",{"^->":"B2.0.2.$r1"},{"temp=":"$r"},"str",{"->":".^.s"},[{"#n":"$r1"}],"/str","/ev",{"*":"B2.0.c-0","flg":18},{"s":["^look in room...",{"->":"$r","var":true},null]}],["ev",{"^->":"B2.0.3.$r1"},{"temp=":"$r"},"str",{"->":".^.s"},[{"#n":"$r1"}],"/str","/ev",{"*":"B2.0.c-1","flg":18},{"s":["^don't...",{"->":"$r","var":true},null]}],{"c-0":["ev",{"^->":"B2.0.c-0.$r2"},"/ev",{"temp=":"$r"},{"->":"B2.0.2.s"},[{"#n":"$r2"}],{"->":"B3"},"\n",{"#f":5}],"c-1":["ev",{"^->":"B2.0.c-1.$r2"},"/ev",{"temp=":"$r"},{"->":"B2.0.3.s"},[{"#n":"$r2"}],{"->":"B6"},"\n",{"#f":5}]}],{"#f":1}],"B3":[["^The room prompts you with a password.","\n",["ev",{"^->":"B3.0.2.$r1"},{"temp=":"$r"},"str",{"->":".^.s"},[{"#n":"$r1"}],"/str","/ev",{"*":"B3.0.c-0","flg":18},{"s":["^00100...",{"->":"$r","var":true},null]}],["ev",{"^->":"B3.0.3.$r1"},{"temp=":"$r"},"str",{"->":".^.s"},[{"#n":"$r1"}],"/str","/ev",{"*":"B3.0.c-1","flg":18},{"s":["^exodus...",{"->":"$r","var":true},null]}],{"c-0":["ev",{"^->":"B3.0.c-0.$r2"},"/ev",{"temp=":"$r"},{"->":"B3.0.2.s"},[{"#n":"$r2"}],{"->":"B3_5_1"},"\n",{"#f":5}],"c-1":["ev",{"^->":"B3.0.c-1.$r2"},"/ev",{"temp=":"$r"},{"->":"B3.0.3.s"},[{"#n":"$r2"}],{"->":"B3_5_2"},"\n",{"#f":5}]}],{"#f":1}],"B3_5_1":[["^Correct. You gain entry to the door. Why would someone have given you the passcode to everything?","\n",["ev",{"^->":"B3_5_1.0.2.$r1"},{"temp=":"$r"},"str",{"->":".^.s"},[{"#n":"$r1"}],"/str","/ev",{"*":".^.^.c-0","flg":18},{"s":["^keep going...",{"->":"$r","var":true},null]}],{"c-0":["ev",{"^->":"B3_5_1.0.c-0.$r2"},"/ev",{"temp=":"$r"},{"->":".^.^.2.s"},[{"#n":"$r2"}],{"->":"B4"},"\n",{"#f":5}]}],{"#f":1}],"B3_5_2":[["^Wrong. Go back to get right answer","\n",["ev",{"^->":"B3_5_2.0.2.$r1"},{"temp=":"$r"},"str",{"->":".^.s"},[{"#n":"$r1"}],"/str","/ev",{"*":".^.^.c-0","flg":18},{"s":["^try again...",{"->":"$r","var":true},null]}],{"c-0":["ev",{"^->":"B3_5_2.0.c-0.$r2"},"/ev",{"temp=":"$r"},{"->":".^.^.2.s"},[{"#n":"$r2"}],{"->":"B3"},"\n",{"#f":5}]}],{"#f":1}],"B4":[["^Inside is a vacume sealed room. In it are a number of core relegious texts, many of which appear to be genuine. At the center is a digital hologram of some sort.","\n",["ev",{"^->":"B4.0.2.$r1"},{"temp=":"$r"},"str",{"->":".^.s"},[{"#n":"$r1"}],"/str","/ev",{"*":"B4.0.c-0","flg":18},{"s":["^you decide to play it...",{"->":"$r","var":true},null]}],{"c-0":["ev",{"^->":"B4.0.c-0.$r2"},"/ev",{"temp=":"$r"},{"->":"B4.0.2.s"},[{"#n":"$r2"}],{"->":"B5"},"\n",{"#f":5}]}],{"#f":1}],"B5":[["^Digital hologram is marked as some sort of 'first contact'. It's glitchy and hard to hear what is being said, but it appears as if some techno voice is claiming to be god. The hologram depicts how a number of Exodus executives began planning how to make further contact.","\n",["ev",{"^->":"B5.0.2.$r1"},{"temp=":"$r"},"str",{"->":".^.s"},[{"#n":"$r1"}],"/str","/ev",{"*":"B5.0.c-0","flg":18},{"s":["^spooked and run out of room...",{"->":"$r","var":true},null]}],{"c-0":["ev",{"^->":"B5.0.c-0.$r2"},"/ev",{"temp=":"$r"},{"->":"B5.0.2.s"},[{"#n":"$r2"}],{"->":"B6"},"\n",{"#f":5}]}],{"#f":1}],"B6":[["^You continue to move through endless cooridors","\n",["ev",{"^->":"B6.0.2.$r1"},{"temp=":"$r"},"str",{"->":".^.s"},[{"#n":"$r1"}],"/str","/ev",{"*":"B6.0.c-0","flg":18},{"s":["^not getting anywhere. Go to lobby...",{"->":"$r","var":true},null]}],["ev",{"^->":"B6.0.3.$r1"},{"temp=":"$r"},"str",{"->":".^.s"},[{"#n":"$r1"}],"/str","/ev",{"*":"B6.0.c-1","flg":18},{"s":["^keep going...",{"->":"$r","var":true},null]}],{"c-0":["ev",{"^->":"B6.0.c-0.$r2"},"/ev",{"temp=":"$r"},{"->":"B6.0.2.s"},[{"#n":"$r2"}],{"->":"B6_5"},"\n",{"#f":5}],"c-1":["ev",{"^->":"B6.0.c-1.$r2"},"/ev",{"temp=":"$r"},{"->":"B6.0.3.s"},[{"#n":"$r2"}],{"->":"B7"},"\n",{"#f":5}]}],{"#f":1}],"B6_5":[["^Walking to elevator going to lobby scene","\n",["ev",{"^->":"B6_5.0.2.$r1"},{"temp=":"$r"},"str",{"->":".^.s"},[{"#n":"$r1"}],"/str","/ev",{"*":".^.^.c-0","flg":18},{"s":["^go to lobby...",{"->":"$r","var":true},null]}],{"c-0":["ev",{"^->":"B6_5.0.c-0.$r2"},"/ev",{"temp=":"$r"},{"->":".^.^.2.s"},[{"#n":"$r2"}],{"->":"L1"},"\n",{"#f":5}]}],{"#f":1}],"B7":[["^You keep moving along the basement until you find a staircase descending even deeper into the building. You follow it, and electricity seems to pulse from the ground.","\n",["ev",{"^->":"B7.0.2.$r1"},{"temp=":"$r"},"str",{"->":".^.s"},[{"#n":"$r1"}],"/str","/ev",{"*":"B7.0.c-0","flg":18},{"s":["^keep going...",{"->":"$r","var":true},null]}],{"c-0":["ev",{"^->":"B7.0.c-0.$r2"},"/ev",{"temp=":"$r"},{"->":"B7.0.2.s"},[{"#n":"$r2"}],{"->":"B8"},"\n",{"#f":5}]}],{"#f":1}],"B8":[["^Reach what appears to be an old crime scene.","\n",["ev",{"^->":"B8.0.2.$r1"},{"temp=":"$r"},"str",{"->":".^.s"},[{"#n":"$r1"}],"/str","/ev",{"*":"B8.0.c-0","flg":18},{"s":["^watch video...",{"->":"$r","var":true},null]}],{"c-0":["ev",{"^->":"B8.0.c-0.$r2"},"/ev",{"temp=":"$r"},{"->":"B8.0.2.s"},[{"#n":"$r2"}],{"->":"Ending_B"},"\n",{"#f":5}]}],{"#f":1}],"Ending_B":[["^Learn that Exodus company made contact with parallel world that convinced them they were god. Once established teleportation bridge, learned this was a cyber entity that was trying to colonize as many worlds as possible. This entity used the technology and earbuds produced by Exodus to vaporize all life forms in contact with the technology and take over the planet. These semi-real semi-holographic beings now haunt this world and are in search of remaining human souls to kill. You're not one of the planet's only hopes in finding other humans out there and destroying this cyber civilization or evacuating to another world. You return to surface and realize this is just the beginning. perhaps you and a number of other employees were locked up as a fail safe. You decide to start by setting other humans free and then go out looking for more.","\n",["ev",{"^->":"Ending_B.0.2.$r1"},{"temp=":"$r"},"str",{"->":".^.s"},[{"#n":"$r1"}],"/str","/ev",{"*":".^.^.c-0","flg":18},{"s":["^choose a different floor...",{"->":"$r","var":true},null]}],["ev",{"^->":"Ending_B.0.3.$r1"},{"temp=":"$r"},"str",{"->":".^.s"},[{"#n":"$r1"}],"/str","/ev",{"*":".^.^.c-1","flg":18},{"s":["^i'm finished... ",{"->":"$r","var":true},null]}],{"c-0":["ev",{"^->":"Ending_B.0.c-0.$r2"},"/ev",{"temp=":"$r"},{"->":".^.^.2.s"},[{"#n":"$r2"}],{"->":"elevator_choice"},"\n",{"#f":5}],"c-1":["ev",{"^->":"Ending_B.0.c-1.$r2"},"/ev",{"temp=":"$r"},{"->":".^.^.3.s"},[{"#n":"$r2"}],{"->":"terminate_game"},"\n",{"#":""},{"#":""},{"#":""},{"#":""},{"#":""},{"#":""},{"#":""},{"#":""},{"#":""},{"#":""},{"#":""},{"#":""},{"#":""},{"#":""},{"#":""},{"#":""},{"#":""},{"#":""},{"#":""},{"#":""},{"#":""},{"#":""},{"#":""},{"#":""},{"#":""},{"#":""},{"#":""},{"#":""},{"#":""},{"#":""},{"#":""},{"#":""},{"#":""},{"#":""},{"#":""},{"#":""},{"#":""},{"#":""},{"#":""},{"#":""},{"#":""},{"#":""},{"#":""},{"#":""},{"#":""},{"#":""},{"#":""},{"#":""},{"#":""},{"#":""},{"#":""},{"#":""},{"#":""},{"#":""},{"#":""},{"#":""},{"#":""},{"#":""},{"#":""},{"#":""},{"#":""},{"#":""},{"#":""},{"#":""},{"#":""},{"#":""},{"#":""},{"#":""},{"#":""},{"#":""},{"#":""},{"#":""},{"#":""},{"#":""},{"#":""},{"#":""},{"#":""},{"#":""},{"#":""},{"#":""},{"#":""},{"#":""},{"#":""},{"#":""},{"#":""},{"#":""},{"#":""},{"#":""},{"#":""},{"#":""},{"#":""},{"#":""},{"#":""},{"#":""},{"#":""},{"#":""},{"#":""},{"#":""},{"#":""},{"#":""},{"#":""},{"#":""},{"#":""},{"#":""},{"#":""},{"#":""},{"#":""},{"#":""},{"#":""},{"#":""},{"#":""},{"#":""},{"#":""},{"#":""},{"#":""},{"#":""},{"#":""},{"#":""},{"#":""},{"#":""},{"#":""},{"#":""},{"#":""},{"#":""},{"#":""},{"#":""},{"#":""},{"#":""},{"#":""},{"#":""},{"#":""},{"#":""},{"#":""},{"#":""},{"#":""},{"#":""},{"#":""},{"#":""},{"#":""},{"#":""},{"#":""},{"#":""},{"#":""},{"#":""},{"#":""},{"#":""},{"#":""},{"#":""},{"#":""},{"#":""},{"#":""},{"#":""},{"#":""},{"#":""},{"#":""},{"#":""},{"#":""},{"#":""},{"#":""},{"#":""},{"#":""},{"#":""},{"#":""},{"#":""},{"#":""},{"#":""},{"#":""},{"#":""},{"#":""},{"#":""},{"#":""},{"#":""},{"#":""},{"#":""},{"#f":5}]}],{"#f":1}],"terminate_game":["^thank you for playing","\n","^hehe","\n","end",{"#":""},{"#":""},{"#":""},{"#":""},{"#":""},{"#":""},{"#":""},{"#":""},{"#":""},{"#":""},{"#":""},{"#":""},{"#":""},{"#":""},{"#":""},{"#":""},{"#":""},{"#":""},{"#":""},{"#":""},{"#":""},{"#":""},{"#":""},{"#":""},{"#":""},{"#":""},{"#":""},{"#":""},{"#":""},{"#":""},{"#":""},{"#":""},{"#":""},{"#":""},{"#":""},{"#":""},{"#":""},{"#":""},{"#":""},{"#":""},{"#":""},{"#":""},{"#":""},{"#":""},{"#":""},{"#":""},{"#":""},{"#":""},{"#":""},{"#":""},{"#":""},{"#":""},{"#":""},{"#":""},{"#":""},{"#":""},{"#":""},{"#":""},{"#":""},{"#":""},{"#":""},{"#":""},{"#":""},{"#":""},{"#":""},{"#":""},{"#":""},{"#":""},{"#":""},{"#":""},{"#":""},{"#":""},{"#":""},{"#":""},{"#":""},{"#":""},{"#":""},{"#":""},{"#":""},{"#":""},{"#":""},{"#":""},{"#":""},{"#":""},{"#":""},{"#":""},{"#":""},{"#":""},{"#":""},{"#":""},{"#":""},{"#":""},{"#":""},{"#":""},{"#":""},{"#":""},{"#":""},{"#":""},{"#":""},{"#":""},{"#":""},{"#":""},{"#":""},{"#":""},{"#":""},{"#":""},{"#":""},{"#":""},{"#":""},{"#":""},{"#":""},{"#":""},{"#":""},{"#":""},{"#":""},{"#":""},{"#":""},{"#":""},{"#":""},{"#":""},{"#":""},{"#":""},{"#":""},{"#":""},{"#":""},{"#":""},{"#":""},{"#":""},{"#":""},{"#":""},{"#":""},{"#":""},{"#":""},{"#":""},{"#":""},{"#":""},{"#":""},{"#":""},{"#":""},{"#":""},{"#":""},{"#":""},{"#":""},{"#":""},{"#":""},{"#":""},{"#":""},{"#":""},{"#":""},{"#":""},{"#":""},{"#":""},{"#":""},{"#":""},{"#":""},{"#":""},{"#":""},{"#":""},{"#":""},{"#":""},{"#":""},{"#":""},{"#":""},{"#":""},{"#":""},{"#":""},{"#":""},{"#":""},{"#":""},{"#":""},{"#":""},{"#":""},{"#":""},{"#":""},{"#f":1}],"#f":1}],"listDefs":{}}