﻿{"inkVersion":20,"root":[[["done",{"#f":5,"#n":"g-0"}],null],"done",{"R2_pre":[["^Something stops you from moving forward. Are you really sure you're prepared for this floor? This may be your last chance to turn around.","\n",["ev",{"^->":"R2_pre.0.2.$r1"},{"temp=":"$r"},"str",{"->":".^.s"},[{"#n":"$r1"}],"/str","/ev",{"*":".^.^.c-0","flg":2},{"s":["^...unfortunately, yes...",{"->":"$r","var":true},null]}],["ev",{"^->":"R2_pre.0.3.$r1"},{"temp=":"$r"},"str",{"->":".^.s"},[{"#n":"$r1"}],"/str","/ev",{"*":".^.^.c-1","flg":2},{"s":["^...I need to learn about the MV-84 first...",{"->":"$r","var":true},null]}],{"c-0":["ev",{"^->":"R2_pre.0.c-0.$r2"},"/ev",{"temp=":"$r"},{"->":".^.^.2.s"},[{"#n":"$r2"}],"end","\n",{"#f":5}],"c-1":["ev",{"^->":"R2_pre.0.c-1.$r2"},"/ev",{"temp=":"$r"},{"->":".^.^.3.s"},[{"#n":"$r2"}],"end","\n",{"#f":5}]}],{"#f":1}],"#f":1}],"listDefs":{}}