﻿{"inkVersion":20,"root":[[["done",{"#f":5,"#n":"g-0"}],null],"done",{"L4_5_1":[["^A little exercise couldn’t hurt. It seems like you might have been in that cell longer than you thought.You keep walking","\n",["ev",{"^->":"L4_5_1.0.2.$r1"},{"temp=":"$r"},"str",{"->":".^.s"},[{"#n":"$r1"}],"/str","/ev",{"*":".^.^.c-0","flg":2},{"s":["^...even if the walk takes you...",{"->":"$r","var":true},null]}],{"c-0":["ev",{"^->":"L4_5_1.0.c-0.$r2"},"/ev",{"temp=":"$r"},{"->":".^.^.2.s"},[{"#n":"$r2"}],"end","\n",{"#f":5}]}],{"#f":1}],"#f":1}],"listDefs":{}}