﻿{"inkVersion":20,"root":[[["done",{"#f":5,"#n":"g-0"}],null],"done",{"Lmid":[["^'Are you sure? This could be your last chance to turn around' you think.","\n",["ev",{"^->":"Lmid.0.2.$r1"},{"temp=":"$r"},"str",{"->":".^.s"},[{"#n":"$r1"}],"/str","/ev",{"*":".^.^.c-0","flg":2},{"s":["^...I don't like it here...",{"->":"$r","var":true},null]}],["ev",{"^->":"Lmid.0.3.$r1"},{"temp=":"$r"},"str",{"->":".^.s"},[{"#n":"$r1"}],"/str","/ev",{"*":".^.^.c-1","flg":2},{"s":["^...No. There's something still out there...",{"->":"$r","var":true},null]}],{"c-0":["ev",{"^->":"Lmid.0.c-0.$r2"},"/ev",{"temp=":"$r"},{"->":".^.^.2.s"},[{"#n":"$r2"}],"end","\n",{"#f":5}],"c-1":["ev",{"^->":"Lmid.0.c-1.$r2"},"/ev",{"temp=":"$r"},{"->":".^.^.3.s"},[{"#n":"$r2"}],"end","\n",{"#f":5}]}],{"#f":1}],"#f":1}],"listDefs":{}}