﻿{"inkVersion":20,"root":[[["done",{"#f":5,"#n":"g-0"}],null],"done",{"R6_self":[["^You turn to run but a blue lightning sparks across the arch reflecting eerily in the glass around you as machinery whirrs to life. Its beauty draws you towards it.","\n",["ev",{"^->":"R6_self.0.2.$r1"},{"temp=":"$r"},"str",{"->":".^.s"},[{"#n":"$r1"}],"/str","/ev",{"*":".^.^.c-0","flg":2},{"s":["^…you turn with horror to meet your makers…",{"->":"$r","var":true},null]}],{"c-0":["ev",{"^->":"R6_self.0.c-0.$r2"},"/ev",{"temp=":"$r"},{"->":".^.^.2.s"},[{"#n":"$r2"}],"end","\n",{"#f":5}]}],{"#f":1}],"#f":1}],"listDefs":{}}