﻿{"inkVersion":20,"root":[[["done",{"#f":5,"#n":"g-0"}],null],"done",{"L4":[["^You have to keep going. You’ve got to get to the bottom of this.","\n","^Braving the wind and the setting sun, you decide to take to the streets. Maybe someone there can help you figure out where everyone is.","\n","^You step out onto a suspiciously quiet city road. It’s weird seeing a place normally so full of life deathly silent. You watch as a few stray dogs chase a fox through the cross walk and are awed by the fact that plant life seems to be overtaking the city.","\n","^But it seems like it was just yesterday that you walked through these front doors.","\n","^To your left, you see a car that appears to have crashed into a stop sign. Its headlights blink dimly in twilight. You approach the car and come to find most of its dashboard has grown over with vines. To your dismay, the car is out of gas- as if it ran out from being stalled too long. In the passenger seat is a pair of small white earbuds with exodus’s company symbol on it. These were the newest releases of the  SimuLoads - earpieces that would recommend choices to people based off simulated outcomes of their personal lives. They were very popular. Or at least, they were back when there were people around this city.","\n","^To your right, you find another car parallel parked on the road. Rushing closer, you see a key sitting in the dashboard. Maybe this one has some gas.","\n",["ev",{"^->":"L4.0.12.$r1"},{"temp=":"$r"},"str",{"->":".^.s"},[{"#n":"$r1"}],"/str","/ev",{"*":"L4.0.c-0","flg":2},{"s":["^...you pick up a brick laying just beside your feet...",{"->":"$r","var":true},null]}],["ev",{"^->":"L4.0.13.$r1"},{"temp=":"$r"},"str",{"->":".^.s"},[{"#n":"$r1"}],"/str","/ev",{"*":"L4.0.c-1","flg":2},{"s":["^...might as just well walk...",{"->":"$r","var":true},null]}],{"c-0":["ev",{"^->":"L4.0.c-0.$r2"},"/ev",{"temp=":"$r"},{"->":"L4.0.12.s"},[{"#n":"$r2"}],"end","\n",{"#f":5}],"c-1":["ev",{"^->":"L4.0.c-1.$r2"},"/ev",{"temp=":"$r"},{"->":"L4.0.13.s"},[{"#n":"$r2"}],"end","\n",{"#f":5}]}],{"#f":1}],"#f":1}],"listDefs":{}}