﻿{"inkVersion":20,"root":[[["done",{"#f":5,"#n":"g-0"}],null],"done",{"B6":[["^You run out of the room and back into the basement, running through endless hallway after hallway.","\n",["ev",{"^->":"B6.0.2.$r1"},{"temp=":"$r"},"str",{"->":".^.s"},[{"#n":"$r1"}],"/str","/ev",{"*":"B6.0.c-0","flg":2},{"s":["^…’It’s no use’ you think. Another floor will have more answers. You decide to check out the lobby…",{"->":"$r","var":true},null]}],["ev",{"^->":"B6.0.3.$r1"},{"temp=":"$r"},"str",{"->":".^.s"},[{"#n":"$r1"}],"/str","/ev",{"*":"B6.0.c-1","flg":2},{"s":["^...There has to be something down here...",{"->":"$r","var":true},null]}],{"c-0":["ev",{"^->":"B6.0.c-0.$r2"},"/ev",{"temp=":"$r"},{"->":"B6.0.2.s"},[{"#n":"$r2"}],"end","\n",{"#f":5}],"c-1":["ev",{"^->":"B6.0.c-1.$r2"},"/ev",{"temp=":"$r"},{"->":"B6.0.3.s"},[{"#n":"$r2"}],"end","\n",{"#f":5}]}],{"#f":1}],"#f":1}],"listDefs":{}}