﻿{"inkVersion":20,"root":[[["done",{"#f":5,"#n":"g-0"}],null],"done",{"level_L":[["^'L for lobby' you think. Makes sense.","\n",["ev",{"^->":"level_L.0.2.$r1"},{"temp=":"$r"},"str",{"->":".^.s"},[{"#n":"$r1"}],"/str","/ev",{"*":".^.^.c-0","flg":2},{"s":["^.. you step out of elevator...",{"->":"$r","var":true},null]}],{"c-0":["ev",{"^->":"level_L.0.c-0.$r2"},"/ev",{"temp=":"$r"},{"->":".^.^.2.s"},[{"#n":"$r2"}],{"->":"L1"},"\n",{"#f":5}]}],{"#f":1}],"L1":[["^and into what appears to be an abandoned ground floor of some sort. You recognize it as the lobby for Exodus’s headquarters. You remember walking through here for your first day orientation. But the lobby doesn’t look exactly the same as it did on your first day. Papers are strewn everywhere and glass is broken. The once busy and bustling room is now cold and quiet. An old curtain flaps noisily in the wind hissing through a shattered window. “What happened here?”","\n",["ev",{"^->":"L1.0.2.$r1"},{"temp=":"$r"},"str",{"->":".^.s"},[{"#n":"$r1"}],"/str","/ev",{"*":"L1.0.c-0","flg":2},{"s":["^…you decide to look around…",{"->":"$r","var":true},null]}],{"c-0":["ev",{"^->":"L1.0.c-0.$r2"},"/ev",{"temp=":"$r"},{"->":"L1.0.2.s"},[{"#n":"$r2"}],{"->":"L2"},"\n",{"#f":5}]}],{"#f":1}],"L2":[["^and find yourself wandering towards the lonely looking front desk in the middle of the expansive ground floor.","\n","^Behind the receptionist’s chair spun a graphic of the company’s logo. Despite a few panels and pixels being out, the screen remained in decent condition. You looked around the desk to find the button you’d seen the receptionist press to make the company’s video play. You found it under a stack of graph paper.","\n",["ev",{"^->":"L2.0.4.$r1"},{"temp=":"$r"},"str",{"->":".^.s"},[{"#n":"$r1"}],"/str","/ev",{"*":"L2.0.c-0","flg":2},{"s":["^…you press the button…",{"->":"$r","var":true},null]}],["ev",{"^->":"L2.0.5.$r1"},{"temp=":"$r"},"str",{"->":".^.s"},[{"#n":"$r1"}],"/str","/ev",{"*":"L2.0.c-1","flg":2},{"s":["^…but you don’t think you need to hear the video again…",{"->":"$r","var":true},null]}],{"c-0":["ev",{"^->":"L2.0.c-0.$r2"},"/ev",{"temp=":"$r"},{"->":"L2.0.4.s"},[{"#n":"$r2"}],"end","\n",{"#f":5}],"c-1":["ev",{"^->":"L2.0.c-1.$r2"},"/ev",{"temp=":"$r"},{"->":"L2.0.5.s"},[{"#n":"$r2"}],"end","\n",{"#f":5}]}],{"#f":1}],"#f":1}],"listDefs":{}}