﻿{"inkVersion":20,"root":[[["done",{"#f":5,"#n":"g-0"}],null],"done",{"level_B":[["^'B for basement' you think. Makes sense.","\n",["ev",{"^->":"level_B.0.2.$r1"},{"temp=":"$r"},"str",{"->":".^.s"},[{"#n":"$r1"}],"/str","/ev",{"*":".^.^.c-0","flg":2},{"s":["^...you step out of elevator...",{"->":"$r","var":true},null]}],{"c-0":["ev",{"^->":"level_B.0.c-0.$r2"},"/ev",{"temp=":"$r"},{"->":".^.^.2.s"},[{"#n":"$r2"}],{"->":"B1"},"\n",{"#f":5}]}],{"#f":1}],"B1":[["^The basement around you is cold and dank; dark and grungy. A frayed cable nearby spits a shower of glowing yellow sparks to the ground, which fizzle out in a puddle of coolant. What happened here?","\n",["ev",{"^->":"B1.0.2.$r1"},{"temp=":"$r"},"str",{"->":".^.s"},[{"#n":"$r1"}],"/str","/ev",{"*":"B1.0.c-0","flg":2},{"s":["^…”Only moving forward will give me answers”…",{"->":"$r","var":true},null]}],{"c-0":["ev",{"^->":"B1.0.c-0.$r2"},"/ev",{"temp=":"$r"},{"->":"B1.0.2.s"},[{"#n":"$r2"}],{"->":"B2"},"\n",{"#f":5}]}],{"#f":1}],"B2":[["^you think aloud. Crossing the floor, you find your shoes catching on a number of papers strewn about the area. You pick one up:","\n","^Towards a Theory of Choice Poetics, Mawhorter 2014 reads one…","\n","^An Architecture for Social NPCs in Commercial Games, Arnav Jhala 2022 reads another…","\n","^‘What old papers’ you think to yourself. 2022 was almost three centuries ago. These must been some of the foundational research pieces in Narrative Artificial Intelligence. Some of the early thinkers. They’d never guess where their research would lead us today.","\n","^Suddenly, a faint light catches the corner of your eye. You turn to see a glass room in the corner of the basement. Its electric lights hum, drawing you in like a moth to a streetlamp.","\n",["ev",{"^->":"B2.0.10.$r1"},{"temp=":"$r"},"str",{"->":".^.s"},[{"#n":"$r1"}],"/str","/ev",{"*":"B2.0.c-0","flg":2},{"s":["^…maybe it has some more answers…",{"->":"$r","var":true},null]}],["ev",{"^->":"B2.0.11.$r1"},{"temp=":"$r"},"str",{"->":".^.s"},[{"#n":"$r1"}],"/str","/ev",{"*":"B2.0.c-1","flg":2},{"s":["^…I think it’s best to leave a room like that on its own…",{"->":"$r","var":true},null]}],{"c-0":["ev",{"^->":"B2.0.c-0.$r2"},"/ev",{"temp=":"$r"},{"->":"B2.0.10.s"},[{"#n":"$r2"}],"end","\n",{"#f":5}],"c-1":["ev",{"^->":"B2.0.c-1.$r2"},"/ev",{"temp=":"$r"},{"->":"B2.0.11.s"},[{"#n":"$r2"}],"end","\n",{"#f":5}]}],{"#f":1}],"#f":1}],"listDefs":{}}