﻿{"inkVersion":20,"root":[[["done",{"#f":5,"#n":"g-0"}],null],"done",{"free_them":[["^You go back to the abandoned warehouse of cryogenic cells and find a way to free your fellow employees. A band of thousands, you all set out to venture far from Exodus’s cursed HQ. You still don’t know who the MV-84 are, but perhaps it’s better that way. Humanity will live on, and perhaps one day you’ll know the real ending of Exodus’s demise.","\n",["ev",{"^->":"free_them.0.2.$r1"},{"temp=":"$r"},"str",{"->":".^.s"},[{"#n":"$r1"}],"/str","/ev",{"*":".^.^.c-0","flg":2},{"s":["^...THE END...",{"->":"$r","var":true},null]}],{"c-0":["ev",{"^->":"free_them.0.c-0.$r2"},"/ev",{"temp=":"$r"},{"->":".^.^.2.s"},[{"#n":"$r2"}],"end","\n",{"#f":5}]}],{"#f":1}],"#f":1}],"listDefs":{}}