﻿{"inkVersion":20,"root":[[["done",{"#f":5,"#n":"g-0"}],null],"done",{"moreb":[["^You're not done yet. Far from it. But one things for sure- the basement isn't safe anymore. You dash the elevator, your lungs stinging like needles. The cold air makes it hard to breath this fast. You thinnk you've lost the blue lightning that was chasing you. For now at least.","\n",["ev",{"^->":"moreb.0.2.$r1"},{"temp=":"$r"},"str",{"->":".^.s"},[{"#n":"$r1"}],"/str","/ev",{"*":".^.^.c-0","flg":2},{"s":["^...Floor L will have more answers...",{"->":"$r","var":true},null]}],["ev",{"^->":"moreb.0.3.$r1"},{"temp=":"$r"},"str",{"->":".^.s"},[{"#n":"$r1"}],"/str","/ev",{"*":".^.^.c-1","flg":2},{"s":["^...I think i'm ready to brave floor R...",{"->":"$r","var":true},null]}],{"c-0":["ev",{"^->":"moreb.0.c-0.$r2"},"/ev",{"temp=":"$r"},{"->":".^.^.2.s"},[{"#n":"$r2"}],"end","\n",{"#f":5}],"c-1":["ev",{"^->":"moreb.0.c-1.$r2"},"/ev",{"temp=":"$r"},{"->":".^.^.3.s"},[{"#n":"$r2"}],"end","\n",{"#f":5}]}],{"#f":1}],"#f":1}],"listDefs":{}}