﻿{"inkVersion":20,"root":[[["done",{"#f":5,"#n":"g-0"}],null],"done",{"L4_5_2":[["^You use the brick to smash in the driver’s seat window. Grabbing the keys from the dash, you’re successfully able to get the engine running. You sit down and to your surprise find another pair of SimuLoads lying in your seat. You toss them to the side and put the car in reverse. Time to drive to some answers. As the car sputters to life, you realize a song is still playing from an old MP3 player. What, was this driver a grandpa or something? A cane in the back seat confirms your suspicions as you laugh at the song choice.","\n",["ev",{"^->":"L4_5_2.0.2.$r1"},{"temp=":"$r"},"str",{"->":".^.s"},[{"#n":"$r1"}],"/str","/ev",{"*":".^.^.c-0","flg":2},{"s":["^...life is a highway, i'm gonna ride it...",{"->":"$r","var":true},null]}],{"c-0":["ev",{"^->":"L4_5_2.0.c-0.$r2"},"/ev",{"temp=":"$r"},{"->":".^.^.2.s"},[{"#n":"$r2"}],"end","\n",{"#f":5}]}],{"#f":1}],"#f":1}],"listDefs":{}}