﻿{"inkVersion":20,"root":[[["done",{"#f":5,"#n":"g-0"}],null],"done",{"B3":[["^You decide to approach the room. Its bigger than you expected with a number of sealed glass cases. A panel on the door prompts you for a retina scan. Tentatively, you bend down and let the sensor scan your right pupil.","\n",["ev",{"^->":"B3.0.2.$r1"},{"temp=":"$r"},"str",{"->":".^.s"},[{"#n":"$r1"}],"/str","/ev",{"*":"B3.0.c-0","flg":2},{"s":["^…to your surprise, the door opens… ",{"->":"$r","var":true},null]}],{"c-0":["ev",{"^->":"B3.0.c-0.$r2"},"/ev",{"temp=":"$r"},{"->":"B3.0.2.s"},[{"#n":"$r2"}],{"->":"B5"},"\n",{"#f":5}]}],{"#f":1}],"B5":[["^That’s weird. Why would you of all people have access to a room you’d never seen before? You were just an entry-level hire!","\n","^Nonmatter the answer, curiosity has gotten the best of you, and you step inside.","\n","^Upon closer inspection, the shelves around the room are vacuumed sealed- much like the glass containers in the old fashioned museums you’ve been to.","\n","^Inside lie a number of strange metal disks. They almost looked like the CD rom disks the ancients used to store information on. What would Exodus be doing with a bunch of old artifacts? And why are they so important to preserve?","\n","^One case stands out above the rest, a disk in a case at the center of the room. You read the placard below it:","\n","^“Documentation of First Contact with MV-84, December 15th 2304. Information download informing creation of the SimuLoad beta-test”","\n","^First contact? That sounds like one of the old alien sci fi shows you used to stream on your grandparent’s television. Who was MV-84? And what happened 17 years ago?","\n","^The other disks seemed to be dated later, all coming from this same “MV-84” source, which was somehow related to Exodus’s newest product, the SimuLoad earphone devices. Had someone else been teaching us how to make them?","\n","^You find yourself backing away from the dozen or so disks, ducking out the door. The room left you with more questions than answers.","\n",["ev",{"^->":"B5.0.18.$r1"},{"temp=":"$r"},"str",{"->":".^.s"},[{"#n":"$r1"}],"/str","/ev",{"*":"B5.0.c-0","flg":2},{"s":["^…Well, you’re officially spooked…",{"->":"$r","var":true},null]}],{"c-0":["ev",{"^->":"B5.0.c-0.$r2"},"/ev",{"temp=":"$r"},{"->":"B5.0.18.s"},[{"#n":"$r2"}],"end","\n",{"#f":5}]}],{"#f":1}],"#f":1}],"listDefs":{}}