﻿{"inkVersion":20,"root":[[["done",{"#f":5,"#n":"g-0"}],null],"done",{"level_R":[["^\"R for roof top\" you think. Makes sense.","\n",["ev",{"^->":"level_R.0.2.$r1"},{"temp=":"$r"},"str",{"->":".^.s"},[{"#n":"$r1"}],"/str","/ev",{"*":".^.^.c-0","flg":2},{"s":["^...you step out of elevator...",{"->":"$r","var":true},null]}],{"c-0":["ev",{"^->":"level_R.0.c-0.$r2"},"/ev",{"temp=":"$r"},{"->":".^.^.2.s"},[{"#n":"$r2"}],{"->":"R1"},"\n",{"#f":5}]}],{"#f":1}],"R1":[["^Before you stands a glorious rooftop laboratory…or at least, the remains of it.","\n","^A dark aura shrouds the laboratory as a cold winter wind howls through shattered windows, as if you’re nearing a realm where only shadow reigns. In the desolate atmosphere, a strobe light alarm flashes brightly, illuminating the scene of chaos every other second.","\n","^This is no ordinary floor. And you fear it might be your last one.","\n",["ev",{"^->":"R1.0.6.$r1"},{"temp=":"$r"},"str",{"->":".^.s"},[{"#n":"$r1"}],"/str","/ev",{"*":"R1.0.c-0","flg":2},{"s":["^I'm not prepared for this scene yet. I need to know more before I come back. ",{"->":"$r","var":true},null]}],["ev",{"^->":"R1.0.7.$r1"},{"temp=":"$r"},"str",{"->":".^.s"},[{"#n":"$r1"}],"/str","/ev",{"*":"R1.0.c-1","flg":2},{"s":["^...I'm ready for the answers I've been searching for...",{"->":"$r","var":true},null]}],{"c-0":["ev",{"^->":"R1.0.c-0.$r2"},"/ev",{"temp=":"$r"},{"->":"R1.0.6.s"},[{"#n":"$r2"}],"end","\n",{"#f":5}],"c-1":["ev",{"^->":"R1.0.c-1.$r2"},"/ev",{"temp=":"$r"},{"->":"R1.0.7.s"},[{"#n":"$r2"}],"end","\n",{"#f":5}]}],{"#f":1}],"#f":1}],"listDefs":{}}