﻿{"inkVersion":20,"root":[[["done",{"#f":5,"#n":"g-0"}],null],"done",{"freedom":[["^You hear the room around you groan and creak to life as a bolt of cold steam shoots out from under the wall. You watch in shock as the wall to your left rises from the floor. The code worked! But who would want you to know these numbers?","\n","^Tentatively, you step out of your room and onto a metal grated walkway. This walkway appears to be a floor level of sorts, surrounded by a number of other small garage-like enclosures. Grabbing the steel railing, you look outward to find that your floor is one of many…perhaps of hundreds…of floors with cell after cell. In the dim light and cold air the feeling is almost liminal. Transitory. Unwelcoming.","\n",["ev",{"^->":"freedom.0.4.$r1"},{"temp=":"$r"},"str",{"->":".^.s"},[{"#n":"$r1"}],"/str","/ev",{"*":".^.^.c-0","flg":18},{"s":["^…you should probably get out of here…",{"->":"$r","var":true},null]}],{"c-0":["ev",{"^->":"freedom.0.c-0.$r2"},"/ev",{"temp=":"$r"},{"->":".^.^.4.s"},[{"#n":"$r2"}],{"->":"running"},"\n",{"#f":5}]}],{"#f":1}],"running":[["^…you think to yourself. This doesn’t feel right. Your feet bang loudly against the grated walkway as you run around your circular floor. You’re looking for something…anything…that could get you away from here.","\n","^Suddenly, your eyes land on a set of two silver doors gleaming despite the dimness. An elevator.","\n","^You rush to it","\n",["ev",{"^->":"running.0.6.$r1"},{"temp=":"$r"},"str",{"->":".^.s"},[{"#n":"$r1"}],"/str","/ev",{"*":".^.^.c-0","flg":18},{"s":["^...and call the elevator...",{"->":"$r","var":true},null]}],{"c-0":["ev",{"^->":"running.0.c-0.$r2"},"/ev",{"temp=":"$r"},{"->":".^.^.6.s"},[{"#n":"$r2"}],{"->":"button_pushed"},"\n",{"#f":5}]}],{"#f":1}],"button_pushed":[["^The white button illuminates itself, sputtering ever so slightly. The building around you appears to be old. Old despite the technology. The tech could be made yesterday for all you know.","\n","^With a dull ding, the doors clang open.","\n",["ev",{"^->":"button_pushed.0.4.$r1"},{"temp=":"$r"},"str",{"->":".^.s"},[{"#n":"$r1"}],"/str","/ev",{"*":".^.^.c-0","flg":18},{"s":["^…you walk inside…",{"->":"$r","var":true},null]}],{"c-0":["ev",{"^->":"button_pushed.0.c-0.$r2"},"/ev",{"temp=":"$r"},{"->":".^.^.4.s"},[{"#n":"$r2"}],{"->":"elevator_choice"},"\n",{"#f":5}]}],{"#f":1}],"elevator_choice":[["^You half expect the elevator's inner panel to be littered with millions of little buttons. But to your surprise, there are only three to choose from. You look up and see a dirty old security camera looking down at you. Someone must be watching. You know you're not supposed to be there. So you haven't got much time.","\n",["ev",{"^->":"elevator_choice.0.2.$r1"},{"temp=":"$r"},"str",{"->":".^.s"},[{"#n":"$r1"}],"/str","/ev",{"*":".^.^.c-0","flg":2},{"s":["^choose button 'R'... ",{"->":"$r","var":true},null]}],["ev",{"^->":"elevator_choice.0.3.$r1"},{"temp=":"$r"},"str",{"->":".^.s"},[{"#n":"$r1"}],"/str","/ev",{"*":".^.^.c-1","flg":2},{"s":["^choose button 'L'... ",{"->":"$r","var":true},null]}],["ev",{"^->":"elevator_choice.0.4.$r1"},{"temp=":"$r"},"str",{"->":".^.s"},[{"#n":"$r1"}],"/str","/ev",{"*":".^.^.c-2","flg":2},{"s":["^choose button 'B'...",{"->":"$r","var":true},null]}],{"c-0":["ev",{"^->":"elevator_choice.0.c-0.$r2"},"/ev",{"temp=":"$r"},{"->":".^.^.2.s"},[{"#n":"$r2"}],"end","\n",{"#f":5}],"c-1":["ev",{"^->":"elevator_choice.0.c-1.$r2"},"/ev",{"temp=":"$r"},{"->":".^.^.3.s"},[{"#n":"$r2"}],"end","\n",{"#f":5}],"c-2":["ev",{"^->":"elevator_choice.0.c-2.$r2"},"/ev",{"temp=":"$r"},{"->":".^.^.4.s"},[{"#n":"$r2"}],"end","\n",{"#f":5}]}],{"#f":1}],"#f":1}],"listDefs":{}}