﻿{"inkVersion":20,"root":[[["done",{"#f":5,"#n":"g-0"}],null],"done",{"Lfinal":[["^This fight feels right to you. In fact, you think it may have been the real reason you joined Exodus in the first place. It’s time to bring this company to its knees once and for all.","\n","^You decide to spend the night in the office building, resting up for a long journey and collecting supplies that the militia left behind. And as the dawn breaks across the frosty concrete jungle, you know you’ve made the choice of hope. You may not have all the answers right now…but sometimes that’s the safest option there is.","\n",["ev",{"^->":"Lfinal.0.4.$r1"},{"temp=":"$r"},"str",{"->":".^.s"},[{"#n":"$r1"}],"/str","/ev",{"*":".^.^.c-0","flg":2},{"s":["^...THE END...",{"->":"$r","var":true},null]}],{"c-0":["ev",{"^->":"Lfinal.0.c-0.$r2"},"/ev",{"temp=":"$r"},{"->":".^.^.4.s"},[{"#n":"$r2"}],"end","\n",{"#f":5}]}],{"#f":1}],"#f":1}],"listDefs":{}}