﻿{"inkVersion":20,"root":[[["done",{"#f":5,"#n":"g-0"}],null],"done",{"Lbridge":[["^You let out a frustrated sigh. It’ll be more work, but you’re not quite done with this Exodus story yet. It’s time to keep looking. It’s time to have the story continue.","\n",["ev",{"^->":"Lbridge.0.2.$r1"},{"temp=":"$r"},"str",{"->":".^.s"},[{"#n":"$r1"}],"/str","/ev",{"*":".^.^.c-0","flg":2},{"s":["^...you think you're finally ready to brave floor R1",{"->":"$r","var":true},null]}],["ev",{"^->":"Lbridge.0.3.$r1"},{"temp=":"$r"},"str",{"->":".^.s"},[{"#n":"$r1"}],"/str","/ev",{"*":".^.^.c-1","flg":2},{"s":["^...you decide to go back to Exodus HQ and visit floor 'B'",{"->":"$r","var":true},null]}],{"c-0":["ev",{"^->":"Lbridge.0.c-0.$r2"},"/ev",{"temp=":"$r"},{"->":".^.^.2.s"},[{"#n":"$r2"}],"end","\n",{"#f":5}],"c-1":["ev",{"^->":"Lbridge.0.c-1.$r2"},"/ev",{"temp=":"$r"},{"->":".^.^.3.s"},[{"#n":"$r2"}],"end","\n",{"#f":5}]}],{"#f":1}],"#f":1}],"listDefs":{}}