﻿{"inkVersion":20,"root":[[["done",{"#f":5,"#n":"g-0"}],null],"done",{"panel_pull":[["^a number of loose screws clatter to the floor as the panel swings open. Behind it lies a mess of cables and cords, all connected by a small pixilated screen with a keypad. Exodus’s logo flashes in blue neon on the static-y mainframe. You glance at the back of the panel, finding a small string of numbers scratched into the metal…","\n",["ev",{"^->":"panel_pull.0.2.$r1"},{"temp=":"$r"},"str",{"->":".^.s"},[{"#n":"$r1"}],"/str","/ev",{"*":".^.^.c-0","flg":18},{"s":["^...“5241542119”...",{"->":"$r","var":true},null]}],{"c-0":["ev",{"^->":"panel_pull.0.c-0.$r2"},"/ev",{"temp=":"$r"},{"->":".^.^.2.s"},[{"#n":"$r2"}],"end","\n",{"#f":5}]}],{"#f":1}],"#f":1}],"listDefs":{}}