﻿{"inkVersion":20,"root":[[["done",{"#f":5,"#n":"g-0"}],null],"done",{"knot_3_left":[["^“Left if a good choice” you nod in self-assuredness. Stopping just in front of the wall, you realize the panel in front of you is ever so slightly ajar.","\n",["ev",{"^->":"knot_3_left.0.2.$r1"},{"temp=":"$r"},"str",{"->":".^.s"},[{"#n":"$r1"}],"/str","/ev",{"*":".^.^.c-0","flg":18},{"s":["^\"That's strange\"...",{"->":"$r","var":true},null]}],{"c-0":["ev",{"^->":"knot_3_left.0.c-0.$r2"},"/ev",{"temp=":"$r"},{"->":".^.^.2.s"},[{"#n":"$r2"}],"end","\n",{"#f":5}]}],{"#f":1}],"#f":1}],"listDefs":{}}