﻿{"inkVersion":20,"root":[[["done",{"#f":5,"#n":"g-0"}],null],"done",{"other_option":[["^Blast…all this trouble with your memory is also making it hard to come up with other ideas. Maybe pulling the panel down isn’t a bad idea. Plus, it looks like a number of screws are loose anyway.","\n","^The old bolts clatter to the floor as you swing open the panel door. Behind it lies a mess of cables and cords, all connected by a small, pixilated screen with a keypad. Exodus’s logo flashes in blue neon on the static-y mainframe. You glance at the back of the panel, finding a small string of numbers scratched into the metal…","\n","^“5241542119” you mouth the numbers. You turn to the keypad…","\n",["ev",{"^->":"other_option.0.6.$r1"},{"temp=":"$r"},"str",{"->":".^.s"},[{"#n":"$r1"}],"/str","/ev",{"*":".^.^.c-0","flg":18},{"s":["^...and enter the code...",{"->":"$r","var":true},null]}],{"c-0":["ev",{"^->":"other_option.0.c-0.$r2"},"/ev",{"temp=":"$r"},{"->":".^.^.6.s"},[{"#n":"$r2"}],"end","\n",{"#f":5}]}],{"#f":1}],"#f":1}],"listDefs":{}}