﻿{"inkVersion":20,"root":[[["done",{"#f":5,"#n":"g-0"}],null],"done",{"R1_1":[["^It's important to listen to that little survival instinct in the back of your head. You need more answers before you're able to take on this beast of a floor. You back slowely into the elevator and hit floor L.","\n",["ev",{"^->":"R1_1.0.2.$r1"},{"temp=":"$r"},"str",{"->":".^.s"},[{"#n":"$r1"}],"/str","/ev",{"*":".^.^.c-0","flg":2},{"s":["^...I'll be back...maybe...",{"->":"$r","var":true},null]}],{"c-0":["ev",{"^->":"R1_1.0.c-0.$r2"},"/ev",{"temp=":"$r"},{"->":".^.^.2.s"},[{"#n":"$r2"}],"end","\n",{"#f":5}]}],{"#f":1}],"#f":1}],"listDefs":{}}