﻿{"inkVersion":20,"root":[[["done",{"#f":5,"#n":"g-0"}],null],"done",{"L2_5":[["^“Welcome to Exodus Ventures Incorporated! We’re so pleased to have you here today.”","\n","^The screen crackled to life, the sound cutting in and out every other word.","\n","^“Exodus is proud to be leading the tech world as the main developer in narrative artificial intelligence-based simulation analysis.","\n","^Thank you for choosing us to be a part of your world today, and we appreciate your support as we roll out our first editions of the  SimuLoads virtual reccomender buds.","\n","^To our universes and beyond!”","\n","^…the video signed off with Exodus’s signature slogan. You never really understood why they referenced universes. It’s not like they were a space company or anything.","\n",["ev",{"^->":"L2_5.0.12.$r1"},{"temp=":"$r"},"str",{"->":".^.s"},[{"#n":"$r1"}],"/str","/ev",{"*":".^.^.c-0","flg":2},{"s":["^…you decide to keep walking…",{"->":"$r","var":true},null]}],{"c-0":["ev",{"^->":"L2_5.0.c-0.$r2"},"/ev",{"temp=":"$r"},{"->":".^.^.12.s"},[{"#n":"$r2"}],"end","\n",{"#f":5}]}],{"#f":1}],"#f":1}],"listDefs":{}}