﻿{"inkVersion":20,"root":[[["done",{"#f":5,"#n":"g-0"}],null],"done",{"terminate_game":["^Thank you for playing Exodus.","\n","^W3 h0p3 y0u hav3 3njoy3d 1t !","\n","^Sincerly,","\n","^The Exodus Development team","\n","^(We've Got Some NERV)","\n","^Evan Brown","\n","^Mac Gagne","\n","^Vishwa Hiren Gandhi","\n","^Chaitanya Patel","\n","^Produced for Dr. Arnav Jhala's CSC582 Narrative Artificial Intelligence Course Final Project","\n","^Exodus game inspirations: Neon Genesis Evangelion, Serial Experiment Lain, Steins;Gate, Ghost in the Shell, Westworld, The Matrix, The Backrooms, and all things liminal or cyberpunk.","\n","end",{"#f":1}],"#f":1}],"listDefs":{}}