﻿{"inkVersion":20,"root":[[["done",{"#f":5,"#n":"g-0"}],null],"done",{"L4_4":[["^This place really knows how to give someone the heebie jeebies.","\n","^You turn on the ball of your feet and walk back to the elevator.","\n",["ev",{"^->":"L4_4.0.4.$r1"},{"temp=":"$r"},"str",{"->":".^.s"},[{"#n":"$r1"}],"/str","/ev",{"*":".^.^.c-0","flg":2},{"s":["^…maybe the basement will give you better answers…",{"->":"$r","var":true},null]}],{"c-0":["ev",{"^->":"L4_4.0.c-0.$r2"},"/ev",{"temp=":"$r"},{"->":".^.^.4.s"},[{"#n":"$r2"}],"end","\n",{"#f":5}]}],{"#f":1}],"#f":1}],"listDefs":{}}