﻿{"inkVersion":20,"root":[["^The elevator doors open reveal an abandoned lobby of a building. Lobby description. You don't remember why you recognize this place.","\n",["ev",{"^->":"0.2.$r1"},{"temp=":"$r"},"str",{"->":".^.s"},[{"#n":"$r1"}],"/str","/ev",{"*":"0.c-0","flg":18},{"s":["^decide to look around...",{"->":"$r","var":true},null]}],{"c-0":["ev",{"^->":"0.c-0.$r2"},"/ev",{"temp=":"$r"},{"->":"0.2.s"},[{"#n":"$r2"}],{"->":"L2"},"\n",{"->":"0.g-0"},{"#f":5}],"g-0":["done",{"#f":5}]}],"done",{"L2":[["^Look around and realize that this is the Exodus company headquarters. You remember badging in and going up to work on one of the skyscraper's top floors. Find informational video about Exodus.","\n",["ev",{"^->":"L2.0.2.$r1"},{"temp=":"$r"},"str",{"->":".^.s"},[{"#n":"$r1"}],"/str","/ev",{"*":"L2.0.c-0","flg":18},{"s":["^play video...",{"->":"$r","var":true},null]}],["ev",{"^->":"L2.0.3.$r1"},{"temp=":"$r"},"str",{"->":".^.s"},[{"#n":"$r1"}],"/str","/ev",{"*":"L2.0.c-1","flg":18},{"s":["^don't...",{"->":"$r","var":true},null]}],{"c-0":["ev",{"^->":"L2.0.c-0.$r2"},"/ev",{"temp=":"$r"},{"->":"L2.0.2.s"},[{"#n":"$r2"}],{"->":"L2_5"},"\n",{"#f":5}],"c-1":["ev",{"^->":"L2.0.c-1.$r2"},"/ev",{"temp=":"$r"},{"->":"L2.0.3.s"},[{"#n":"$r2"}],{"->":"L3"},"\n",{"#f":5}]}],{"#f":1}],"L2_5":["end",{"#f":1}],"L3":["end",{"#f":1}],"#f":1}],"listDefs":{}}