﻿{"inkVersion":20,"root":[["^Video provides more information on the type of technologies Exodus offers, hinting at being able to upload consciousness (through an earpeice) to a computer and being able to teleport to new spaces.","\n",["ev",{"^->":"0.2.$r1"},{"temp=":"$r"},"str",{"->":".^.s"},[{"#n":"$r1"}],"/str","/ev",{"*":"0.c-0","flg":18},{"s":["^keep going...",{"->":"$r","var":true},null]}],{"c-0":["ev",{"^->":"0.c-0.$r2"},"/ev",{"temp=":"$r"},{"->":"0.2.s"},[{"#n":"$r2"}],{"->":"L3"},"\n",{"->":"0.g-0"},{"#f":5}],"g-0":["done",{"#f":5}]}],"done",{"L3":["end",{"#f":1}],"#f":1}],"listDefs":{}}