﻿{"inkVersion":20,"root":[["^You look around outside and can find no signs of life. The city is quiet and still. A few small animals run around and it seems as if plant life is beginning to overtake the city. You run to a car nearby in the middle of the street. It sits near a couple cars that crashed together. You try and turn it on but it doesn't have any gas- as if it ran out from being stalled for too long. In the passanger seat is a small white earbud, which has exodus's company symbol on it.","\n",["ev",{"^->":"0.2.$r1"},{"temp=":"$r"},"str",{"->":".^.s"},[{"#n":"$r1"}],"/str","/ev",{"*":"0.c-0","flg":18},{"s":["^keep walking...",{"->":"$r","var":true},null]}],["ev",{"^->":"0.3.$r1"},{"temp=":"$r"},"str",{"->":".^.s"},[{"#n":"$r1"}],"/str","/ev",{"*":"0.c-1","flg":18},{"s":["^hyjack a car...",{"->":"$r","var":true},null]}],{"c-0":["ev",{"^->":"0.c-0.$r2"},"/ev",{"temp=":"$r"},{"->":"0.2.s"},[{"#n":"$r2"}],{"->":"L4_5_1"},"\n",{"->":"0.g-0"},{"#f":5}],"c-1":["ev",{"^->":"0.c-1.$r2"},"/ev",{"temp=":"$r"},{"->":"0.3.s"},[{"#n":"$r2"}],{"->":"L4_5_2"},"\n",{"->":"0.g-0"},{"#f":5}],"g-0":["done",{"#f":5}]}],"done",{"L4_5_1":["end",{"#f":1}],"L4_5_2":["end",{"#f":1}],"#f":1}],"listDefs":{}}