﻿{"inkVersion":20,"root":[["^Go into building. seems to be some sort of HQ for an anarchy style resistance to Exodus. You open one of the computers, and an old file on the desktop say \"play this if everyone is gone\".","\n",["ev",{"^->":"0.2.$r1"},{"temp=":"$r"},"str",{"->":".^.s"},[{"#n":"$r1"}],"/str","/ev",{"*":"0.c-0","flg":18},{"s":["^keep going...",{"->":"$r","var":true},null]}],{"c-0":["ev",{"^->":"0.c-0.$r2"},"/ev",{"temp=":"$r"},{"->":"0.2.s"},[{"#n":"$r2"}],{"->":"Ending_L"},"\n",{"->":"0.g-0"},{"#f":5}],"g-0":["done",{"#f":5}]}],"done",{"Ending_L":["end",{"#f":1}],"#f":1}],"listDefs":{}}