﻿{"inkVersion":20,"root":[["^Flashback to orientation at Exodus while elevator floors tick away. More about how this big tech company specilizes in narrative artificial intelligence and simulation. Why player was drawn to work for Exodus is contained in this scene. Based on this flashback, player should be left feeling on edge and not entirly trusting of the company.","\n",["ev",{"^->":"0.2.$r1"},{"temp=":"$r"},"str",{"->":".^.s"},[{"#n":"$r1"}],"/str","/ev",{"*":"0.c-0","flg":18},{"s":["^step out of elevator...",{"->":"$r","var":true},null]}],{"c-0":["ev",{"^->":"0.c-0.$r2"},"/ev",{"temp=":"$r"},{"->":"0.2.s"},[{"#n":"$r2"}],{"->":"B1"},"\n",{"->":"0.g-0"},{"#f":5}],"g-0":["done",{"#f":5}]}],"done",{"B1":["end",{"#f":1}],"#f":1}],"listDefs":{}}