﻿{"inkVersion":20,"root":[["^You exit the elevator to reveal a rooftop laboratory, looking out on a vast empty and cold city. The lights of the city are still on, but you can't seem to find any traces of life. But there is a decent amount of blood around.","\n",["ev",{"^->":"0.2.$r1"},{"temp=":"$r"},"str",{"->":".^.s"},[{"#n":"$r1"}],"/str","/ev",{"*":"0.c-0","flg":18},{"s":["^keep going...",{"->":"$r","var":true},null]}],{"c-0":["ev",{"^->":"0.c-0.$r2"},"/ev",{"temp=":"$r"},{"->":"0.2.s"},[{"#n":"$r2"}],{"->":"R2"},"\n",{"->":"0.g-0"},{"#f":5}],"g-0":["done",{"#f":5}]}],"done",{"R2":[["^The lab seems to be in chaos though no one is around. A number of computers are broken and glass litters the floor. Windows are broken too, and wind howls in as the sun is beginning to set.","\n",["ev",{"^->":"R2.0.2.$r1"},{"temp=":"$r"},"str",{"->":".^.s"},[{"#n":"$r1"}],"/str","/ev",{"*":"R2.0.c-0","flg":18},{"s":["^pick up papers on floor...",{"->":"$r","var":true},null]}],["ev",{"^->":"R2.0.3.$r1"},{"temp=":"$r"},"str",{"->":".^.s"},[{"#n":"$r1"}],"/str","/ev",{"*":"R2.0.c-1","flg":18},{"s":["^don't... ",{"->":"$r","var":true},null]}],{"c-0":["ev",{"^->":"R2.0.c-0.$r2"},"/ev",{"temp=":"$r"},{"->":"R2.0.2.s"},[{"#n":"$r2"}],{"->":"R3"},"\n",{"#f":5}],"c-1":["ev",{"^->":"R2.0.c-1.$r2"},"/ev",{"temp=":"$r"},{"->":"R2.0.3.s"},[{"#n":"$r2"}],{"->":"R5"},"\n",{"#f":5}]}],{"#f":1}],"R3":["end",{"#f":1}],"R5":["end",{"#f":1}],"#f":1}],"listDefs":{}}