﻿{"inkVersion":20,"root":[["^Papers seem to be talking about how there is some sort of cyber entity the company has stumbled across when learning about multiversal transportation, which they studied out of an initial interest in time travel. Some of papers are also papers we read in class.","\n",["ev",{"^->":"0.2.$r1"},{"temp=":"$r"},"str",{"->":".^.s"},[{"#n":"$r1"}],"/str","/ev",{"*":"0.c-0","flg":18},{"s":["^Go towards computer monitor...",{"->":"$r","var":true},null]}],{"c-0":["ev",{"^->":"0.c-0.$r2"},"/ev",{"temp=":"$r"},{"->":"0.2.s"},[{"#n":"$r2"}],{"->":"R4"},"\n",{"->":"0.g-0"},{"#f":5}],"g-0":["done",{"#f":5}]}],"done",{"R4":[["^You watch video on computer. Seems to be video of hologram-like spindly blue figures leaping from computer screens out at humans in the lab. The computer says that this video was taken almost three years in the past. Yet everything in the lab is nearly identical in position and place.","\n",["ev",{"^->":"R4.0.2.$r1"},{"temp=":"$r"},"str",{"->":".^.s"},[{"#n":"$r1"}],"/str","/ev",{"*":"R4.0.c-0","flg":18},{"s":["^keep going...",{"->":"$r","var":true},null]}],{"c-0":["ev",{"^->":"R4.0.c-0.$r2"},"/ev",{"temp=":"$r"},{"->":"R4.0.2.s"},[{"#n":"$r2"}],{"->":"R5"},"\n",{"#f":5}]}],{"#f":1}],"R5":["end",{"#f":1}],"#f":1}],"listDefs":{}}