﻿{"inkVersion":20,"root":[["^Peer into gate- you seem to be able to see into a mirror world, identical to this one. People from the video are walking around. You call to them, but they can't hear you.","\n",["ev",{"^->":"0.2.$r1"},{"temp=":"$r"},"str",{"->":".^.s"},[{"#n":"$r1"}],"/str","/ev",{"*":"0.c-0","flg":18},{"s":["^what's going on...",{"->":"$r","var":true},null]}],{"c-0":["ev",{"^->":"0.c-0.$r2"},"/ev",{"temp=":"$r"},{"->":"0.2.s"},[{"#n":"$r2"}],{"->":"R7"},"\n",{"->":"0.g-0"},{"#f":5}],"g-0":["done",{"#f":5}]}],"done",{"R7":[["^Suddenly, the room begins to flash as an eerie siren starts up. It's unlike any human siren you've ever heard, and it reports in a language you've never heard either of beeps and clicks.","\n",["ev",{"^->":"R7.0.2.$r1"},{"temp=":"$r"},"str",{"->":".^.s"},[{"#n":"$r1"}],"/str","/ev",{"*":"R7.0.c-0","flg":18},{"s":["^yikes...",{"->":"$r","var":true},null]}],{"c-0":["ev",{"^->":"R7.0.c-0.$r2"},"/ev",{"temp=":"$r"},{"->":"R7.0.2.s"},[{"#n":"$r2"}],{"->":"R8"},"\n",{"#f":5}]}],{"#f":1}],"R8":[["^Spiky spindly blue electiricty hologram creature thing pulls itself out of the portal. It's kind of beautiful but also terrifying. Image claims to be a god- 'be not afraid'.","\n",["ev",{"^->":"R8.0.2.$r1"},{"temp=":"$r"},"str",{"->":".^.s"},[{"#n":"$r1"}],"/str","/ev",{"*":"R8.0.c-0","flg":18},{"s":["^run like hell...",{"->":"$r","var":true},null]}],["ev",{"^->":"R8.0.3.$r1"},{"temp=":"$r"},"str",{"->":".^.s"},[{"#n":"$r1"}],"/str","/ev",{"*":"R8.0.c-1","flg":18},{"s":["^drawn in by beauty...",{"->":"$r","var":true},null]}],{"c-0":["ev",{"^->":"R8.0.c-0.$r2"},"/ev",{"temp=":"$r"},{"->":"R8.0.2.s"},[{"#n":"$r2"}],{"->":"run_scene"},"\n",{"#f":5}],"c-1":["ev",{"^->":"R8.0.c-1.$r2"},"/ev",{"temp=":"$r"},{"->":"R8.0.3.s"},[{"#n":"$r2"}],{"->":"ending_R"},"\n",{"#f":5}]}],{"#f":1}],"ending_R":["end",{"#f":1}],"run_scene":["end",{"#f":1}],"#f":1}],"listDefs":{}}