﻿{"inkVersion":20,"root":[["^Not knowing what to do next, you run around the circular railing gating your floor of the infinite warehouse. You run past cell after cell before eventually finding what appears to be a set of two silver doors.","\n",["ev",{"^->":"0.2.$r1"},{"temp=":"$r"},"str",{"->":".^.s"},[{"#n":"$r1"}],"/str","/ev",{"*":"0.c-0","flg":18},{"s":["^push button next to door...",{"->":"$r","var":true},null]}],{"c-0":["ev",{"^->":"0.c-0.$r2"},"/ev",{"temp=":"$r"},{"->":"0.2.s"},[{"#n":"$r2"}],{"->":"button_pushed"},"\n",{"->":"0.g-0"},{"#f":5}],"g-0":["done",{"#f":5}]}],"done",{"button_pushed":[["^Hesitantly, you push a white button next to the set of doors. It glows white, illuminating the patch of shadow in the cooridor. You can now tell that you have called the elevator. You step into the elevator as the door opens.","\n",["ev",{"^->":"button_pushed.0.2.$r1"},{"temp=":"$r"},"str",{"->":".^.s"},[{"#n":"$r1"}],"/str","/ev",{"*":".^.^.c-0","flg":18},{"s":["^keep going...",{"->":"$r","var":true},null]}],{"c-0":["ev",{"^->":"button_pushed.0.c-0.$r2"},"/ev",{"temp=":"$r"},{"->":".^.^.2.s"},[{"#n":"$r2"}],{"->":"elevator_choice"},"\n",{"#f":5}]}],{"#f":1}],"elevator_choice":["end",{"#f":1}],"#f":1}],"listDefs":{}}