﻿{"inkVersion":20,"root":[["^Enter main player, alone in a white void style cell. Plot is formated in second person; gender of player is not described (i.e. made ambigous so that everyone connects with the main player character). Player is trying to remember where they are and what is going on. They begin to look around the void room for more information.","\n",["ev",{"^->":"0.2.$r1"},{"temp=":"$r"},"str",{"->":".^.s"},[{"#n":"$r1"}],"/str","/ev",{"*":"0.c-0","flg":18},{"s":["^you keep going... ",{"->":"$r","var":true},null]}],{"c-0":["ev",{"^->":"0.c-0.$r2"},"/ev",{"temp=":"$r"},{"->":"0.2.s"},[{"#n":"$r2"}],{"->":"memories_begin"},"\n",{"->":"0.g-0"},{"#f":5}],"g-0":["done",{"#f":5}]}],"done",{"memories_begin":[["^Player finds a small imprint on the wall, labeled Exodus Ventures Incoorporated. The player remembers some of their past. Player receive flashback of first day working at the company- they were an international masters student in computer science trying to get a job. They landed an entry level position at one of the world's top artificial intelligence labs, Exodus. The country and date of this setting is not described, but Exodus should come off as a global venture capital company, much like SpaceX. We also get a sense that this takes place somewhat in the future, based on the technological advancements this scene references.","\n",["ev",{"^->":"memories_begin.0.2.$r1"},{"temp=":"$r"},"str",{"->":".^.s"},[{"#n":"$r1"}],"/str","/ev",{"*":".^.^.c-0","flg":18},{"s":["^you keep going... ",{"->":"$r","var":true},null]}],{"c-0":["ev",{"^->":"memories_begin.0.c-0.$r2"},"/ev",{"temp=":"$r"},{"->":".^.^.2.s"},[{"#n":"$r2"}],{"->":"first_choice"},"\n",{"#f":5}]}],{"#f":1}],"first_choice":[["^Player remarks on having a hard time finding any information about how to get out of this voided room. They deliberate on whether to turn right or turn left. The player is prompted with their first choice.","\n",["ev",{"^->":"first_choice.0.2.$r1"},{"temp=":"$r"},"str",{"->":".^.s"},[{"#n":"$r1"}],"/str","/ev",{"*":".^.^.c-0","flg":18},{"s":["^you go right... ",{"->":"$r","var":true},null]}],["ev",{"^->":"first_choice.0.3.$r1"},{"temp=":"$r"},"str",{"->":".^.s"},[{"#n":"$r1"}],"/str","/ev",{"*":".^.^.c-1","flg":18},{"s":["^you go left... ",{"->":"$r","var":true},null]}],{"c-0":["ev",{"^->":"first_choice.0.c-0.$r2"},"/ev",{"temp=":"$r"},{"->":".^.^.2.s"},[{"#n":"$r2"}],{"->":"knot_3_right"},"\n",{"#f":5}],"c-1":["ev",{"^->":"first_choice.0.c-1.$r2"},"/ev",{"temp=":"$r"},{"->":".^.^.3.s"},[{"#n":"$r2"}],{"->":"knot_3_left"},"\n",{"#f":5}]}],{"#f":1}],"knot_3_right":["end",{"#f":1}],"knot_3_left":["end",{"#f":1}],"#f":1}],"listDefs":{}}