﻿{"inkVersion":20,"root":[["^The player pulls down the panel to find a make-shift keypad of old wires and an archaic display. They are propmpted to enter a key. Not knowing what else to do...","\n",["ev",{"^->":"0.2.$r1"},{"temp=":"$r"},"str",{"->":".^.s"},[{"#n":"$r1"}],"/str","/ev",{"*":"0.c-0","flg":18},{"s":["^enter code... ",{"->":"$r","var":true},null]}],{"c-0":["ev",{"^->":"0.c-0.$r2"},"/ev",{"temp=":"$r"},{"->":"0.2.s"},[{"#n":"$r2"}],{"->":"freedom"},"\n",{"->":"0.g-0"},{"#f":5}],"g-0":["done",{"#f":5}]}],"done",{"freedom":[["^With a whoosh and a large amount of steam, one of the walls slides down, freeing you into what appears to be a circular warehouse style building. It appears that there are a number of void-like holding cells on each level of this circular warehouse. There are almost imperceptably many levels to this warehouse.","\n",["ev",{"^->":"freedom.0.2.$r1"},{"temp=":"$r"},"str",{"->":".^.s"},[{"#n":"$r1"}],"/str","/ev",{"*":".^.^.c-0","flg":18},{"s":["^run... ",{"->":"$r","var":true},null]}],{"c-0":["ev",{"^->":"freedom.0.c-0.$r2"},"/ev",{"temp=":"$r"},{"->":".^.^.2.s"},[{"#n":"$r2"}],{"->":"running"},"\n",{"#f":5}]}],{"#f":1}],"running":["end",{"#f":1}],"#f":1}],"listDefs":{}}